Starting TWRP 3.7.1_16-0-8262e386 on Thu Jan  1 00:00:13 1970
 (pid 499)
RECOVERY_SDCARD_ON_DATA := true
I:Lun file '/config/usb_gadget/g1/functions/mass_storage.0/lun.0/file'
TW_INCLUDE_FASTBOOTD := true
PRODUCT_USE_DYNAMIC_PARTITIONS := true
TW_INCLUDE_CRYPTO := true
I:TW_BRIGHTNESS_PATH := /sys/class/backlight/panel0-backlight/brightness
I:Found brightness file at '/sys/class/backlight/panel0-backlight/brightness'
I:TWFunc::Set_Brightness: Setting brightness control to 250
I:TW_EXCLUDE_ENCRYPTED_BACKUPS := true
I:LANG: en
I:AB_OTA_UPDATER := true
I:Startup Commands: 
=> Linking mtab
=> Processing /etc/recovery.fstab
I:Reading /etc/twrp.flags
I:Reading /etc/recovery.fstab
I:Processing '/system'
I:Created '/system_root' folder.
I:Unhandled flag: 'first_stage_mount'
I:Trying to prepare system from super partition
I:Symlinking /dev/block/dm-2 => /dev/block/bootdevice/by-name/system 
I:Found an additional entry for '/system'
I:Processing '/system'
I:Processing '/system_ext'
I:Created '/system_ext' folder.
I:Unhandled flag: 'first_stage_mount'
I:Trying to prepare system_ext from super partition
I:Symlinking /dev/block/dm-4 => /dev/block/bootdevice/by-name/system_ext 
I:Found an additional entry for '/system_ext'
I:Processing '/system_ext'
I:Processing '/product'
I:Created '/product' folder.
I:Unhandled flag: 'first_stage_mount'
I:Trying to prepare product from super partition
I:Symlinking /dev/block/dm-1 => /dev/block/bootdevice/by-name/product 
I:Found an additional entry for '/product'
I:Processing '/product'
I:Processing '/vendor'
I:Unhandled flag: 'first_stage_mount'
I:Trying to prepare vendor from super partition
I:Symlinking /dev/block/dm-5 => /dev/block/bootdevice/by-name/vendor 
I:Found an additional entry for '/vendor'
I:Processing '/vendor'
I:Processing '/vendor_dlkm'
I:Unhandled flag: 'first_stage_mount'
I:Trying to prepare vendor_dlkm from super partition
I:Symlinking /dev/block/dm-6 => /dev/block/bootdevice/by-name/vendor_dlkm 
I:Found an additional entry for '/vendor_dlkm'
I:Processing '/vendor_dlkm'
I:Processing '/system_dlkm'
I:Unhandled flag: 'first_stage_mount'
I:Trying to prepare system_dlkm from super partition
I:Symlinking /dev/block/dm-3 => /dev/block/bootdevice/by-name/system_dlkm 
I:Found an additional entry for '/system_dlkm'
I:Processing '/system_dlkm'
I:Processing '/odm'
I:Unhandled flag: 'first_stage_mount'
I:Trying to prepare odm from super partition
I:Symlinking /dev/block/dm-0 => /dev/block/bootdevice/by-name/odm 
I:Found an additional entry for '/odm'
I:Processing '/odm'
I:Processing '/mi_ext'
I:Created '/mi_ext' folder.
I:Unhandled flag: 'first_stage_mount'
I:Unhandled flag: 'nofail'
I:Trying to prepare mi_ext from super partition
I:Symlinking /dev/block/dm-7 => /dev/block/bootdevice/by-name/mi_ext 
I:Found an additional entry for '/mi_ext'
I:Processing '/mi_ext'
I:Processing '/metadata'
I:Unhandled flag: 'first_stage_mount'
I:Processing '/data'
I:Unhandled flag: 'latemount'
I:FBE contents 'aes-256-xts', filenames 'aes-256-cts:v2+inlinecrypt_optimized+wrappedkey_v0'
I:setting Key_Directory to: /metadata/vold/metadata_encryption
I:Metadata contents 'aes-256-xts', filenames 'wrappedkey_v0'
I:Unhandled flag: 'reservedsize=128M'
I:Unhandled flag: 'sysfs_path=/sys/devices/platform/soc/1d84000.ufshc'
I:Unhandled flag: 'checkpoint=fs'
I:Processing '/misc'
I:Processing '/mnt/vendor/persist'
I:Processing '/usbotg'
I:Processing '/storage/sdcard1'
I:Created '/storage/sdcard1' folder.
I:Processing remaining twrp.flags
I:Processing '/bluetooth'
I:Processing '/boot'
I:Processing '/cache'
I:Created '/cache' folder.
I:Processing '/dsp'
I:Processing '/dtbo'
I:Processing '/efs1'
I:Processing '/efs2'
I:Processing '/efsc'
I:Processing '/efsg'
I:Processing '/init_boot'
I:Processing '/modem'
I:Created '/modem' folder.
I:Processing '/modem_image'
I:Processing '/modemfirmware'
I:Processing '/persist'
I:Created '/persist' folder.
I:TWFunc::Fixup_Time: Pre-fix date and time: 1970-01-01--00-00-13
I:TWFunc::Fixup_Time: Setting time offset from file /sys/class/rtc/rtc0/since_epoch
I:TWFunc::Fixup_Time: will attempt to use the ats files now.
I:TWFunc::Fixup_Time: Setting time offset from file /persist/time/ats_2, offset 1773751617886
I:TWFunc::Fixup_Time: Date and time corrected: 2026-03-17--12-47-09
I:Processing '/persist_image'
I:Processing '/recovery'
I:Processing '/usb_otg'
I:Created '/usb_otg' folder.
I:Processing '/vbmeta'
I:Unhandled fstab information 'display="VBMeta";flags=backup=1;slotselect;flashimg=1' in fstab line '/vbmeta                emmc    /dev/block/bootdevice/by-name/vbmeta                               display="VBMeta";flags=backup=1;slotselect;flashimg=1
'
I:Processing '/vbmeta_system'
I:Unhandled fstab information 'display="VBMeta System";flags=backup=1;slotselect;flashimg=1' in fstab line '/vbmeta_system         emmc    /dev/block/bootdevice/by-name/vbmeta_system                        display="VBMeta System";flags=backup=1;slotselect;flashimg=1
'
I:Processing '/vendor_boot'
I:Attempting to load modules
I:Checking directory: /vendor/lib/modules
I:Unable to open module directory: /vendor/lib/modules. Skipping
I:number of modules loaded by init: 426
I:found module to dedupe: qcom_q6v5_pas.ko
I:found module to dedupe: qcom_q6v5.ko
I:found module to dedupe: qcom_sysmon.ko
I:found module to dedupe: rproc_qcom_common.ko
I:mounting /tmp/vendor/lib/modules on /vendor/lib/modules
I:Loaded 0 modules from /vendor/lib/modules
I:Checking directory: /vendor/lib/modules/1.1
I:Unable to open module directory: /vendor/lib/modules/1.1. Skipping
I:number of modules loaded by init: 426
I:found module to dedupe: qcom_q6v5_pas.ko
I:found module to dedupe: qcom_q6v5.ko
I:found module to dedupe: qcom_sysmon.ko
I:found module to dedupe: rproc_qcom_common.ko
I:mounting /tmp/vendor/lib/modules/1.1 on /vendor/lib/modules/1.1
I:Loaded 0 modules from /vendor/lib/modules/1.1
I:Checking mounted /vendor
I:Mount_Flags: 0, Mount_Options: 
I:Beginning override security patch...
I:/system/bin/resetprop ro.vendor.build.security_patch 2026-02-01 process ended with RC=0
I:Mount_Flags: 0, Mount_Options: 
I:/system/bin/resetprop ro.build.version.security_patch 2026-02-01 process ended with RC=0
I:Ending override security patch...
I:Checking mounted /vendor_dlkm
variant-props-override.sh: Applied props for: Xiaomi 17 Ultra (nezha)
I:Mount_Flags: 0, Mount_Options: 
I:Checking directory: /vendor/lib/modules
I:number of modules loaded by init: 426
I:found module to dedupe: qcom_q6v5_pas.ko
I:found module to dedupe: qcom_q6v5.ko
I:found module to dedupe: qcom_sysmon.ko
I:found module to dedupe: rproc_qcom_common.ko
I:mounting /tmp/vendor/lib/modules on /vendor/lib/modules
I:Modules Loaded: 12
I:Loaded 12 modules from /vendor/lib/modules
I:Checking directory: /vendor/lib/modules/1.1
I:Unable to open module directory: /vendor/lib/modules/1.1. Skipping
I:number of modules loaded by init: 438
I:found module to dedupe: adsp_loader_dlkm.ko
I:found module to dedupe: q6_dlkm.ko
I:found module to dedupe: stm_nfc_i2c.ko
I:found module to dedupe: stm_st54se_gpio.ko
I:found module to dedupe: synaptics_tcm2.ko
I:found module to dedupe: xiaomi_touch.ko
I:found module to dedupe: qcom_q6v5_pas.ko
I:found module to dedupe: qcom_q6v5.ko
I:found module to dedupe: qcom_sysmon.ko
I:found module to dedupe: rproc_qcom_common.ko
I:mounting /tmp/vendor/lib/modules/1.1 on /vendor/lib/modules/1.1
I:Loaded 0 modules from /vendor/lib/modules/1.1
I:Checking directory: /vendor_dlkm/lib/modules
I:number of modules loaded by init: 438
I:found module to dedupe: adsp_loader_dlkm.ko
I:found module to dedupe: q6_dlkm.ko
I:found module to dedupe: stm_nfc_i2c.ko
I:found module to dedupe: stm_st54se_gpio.ko
I:found module to dedupe: synaptics_tcm2.ko
I:found module to dedupe: xiaomi_touch.ko
I:found module to dedupe: qcom_q6v5_pas.ko
I:found module to dedupe: qcom_q6v5.ko
I:found module to dedupe: qcom_sysmon.ko
I:found module to dedupe: rproc_qcom_common.ko
I:mounting /tmp/vendor_dlkm/lib/modules on /vendor_dlkm/lib/modules
I:Found sub-directory mount '/vendor_dlkm/lib/modules' under '/vendor_dlkm'
I:Found sub-directory mount '/vendor_dlkm/lib/modules' under '/vendor_dlkm'
I:Unmounting sub-directory mount '/vendor_dlkm/lib/modules'
I:Unmounting sub-directory mount '/vendor_dlkm/lib/modules'
I:Modules Loaded: 0
I:Loaded 0 modules from /vendor_dlkm/lib/modules
I:Mount_Flags: 0, Mount_Options: 
I:Setting 'external_storage.casefold.enabled' to '1' from /vendor/build.prop
I:Setting 'external_storage.sdcardfs.enabled' to '0' from /vendor/build.prop
I:GetFstabPath: /odm/etc/fstab.default
I:GetFstabPath: /vendor/etc/fstab.default
I:GetFstabPath: /system/etc/fstab.default
I:GetFstabPath: /first_stage_ramdisk/system/etc/fstab.default
I:GetFstabPath: /fstab.default
I:GetFstabPath: /first_stage_ramdisk/fstab.default
I:GetFstabPath: /odm/etc/fstab.qcom
I:GetFstabPath: /vendor/etc/fstab.qcom
I:Fstab: /vendor/etc/fstab.qcom
I:Reading /etc/additional.fstab
I:Found an additional entry for '/product/data-app'
I:Processing '/product/data-app'
I:Processing '/metadata'
I:Unhandled flag: 'first_stage_mount'
I:Processing '/data'
I:Unhandled flag: 'latemount'
I:FBE contents 'aes-256-xts', filenames 'aes-256-cts:v2+inlinecrypt_optimized+wrappedkey_v0'
I:setting Key_Directory to: /metadata/vold/metadata_encryption
I:Metadata contents 'aes-256-xts', filenames 'wrappedkey_v0'
I:Unhandled flag: 'reservedsize=128M'
I:Unhandled flag: 'sysfs_path=/sys/devices/platform/soc/1d84000.ufshc'
I:Unhandled flag: 'checkpoint=fs'
I:Done processing fstab files
I:Property ro.boot.product.vendor.sku not found, trying to get vintf manifest file name from ro.board.platform
I:Separate manifest doesn't exist for 'android.hardware.keymaster'
I:/vendor/etc/vintf/manifest_xiaomi_sm8850.xml not found. Using default path for manifest.xml
I:Unable to unmount '/vendor'
I:Keymaster_Ver::Unable to find vendor manifest on the device, and no default value set. Checking the ramdisk manifest
I:Property ro.boot.product.vendor.sku not found, trying to get vintf manifest file name from ro.board.platform
I:Separate manifest doesn't exist for 'android.hardware.keymaster'
I:/vendor/etc/vintf/manifest_xiaomi_sm8850.xml not found. Using default path for manifest.xml
I:Keymaster_Ver::Using keymaster version '' for decryption
Failed to unmount '/vendor' (Device or resource busy)
Starting the UI...
width: 1200, height: 2608
setting DRM_FORMAT_XBGR8888 and GGL_PIXEL_FORMAT_RGBA_8888
setting DRM_FORMAT_XBGR8888 and GGL_PIXEL_FORMAT_RGBA_8888
number of lms in topology 2
Atomic Commit succeedUsing drm graphics.
I:TWFunc::Set_Brightness: Setting brightness control to 250
TW_SCREEN_BLANK_ON_BOOT := true
I:TWFunc::Set_Brightness: Setting brightness control to 0
I:TWFunc::Set_Brightness: Setting brightness control to 250
I:Loading package: splash (/twres/splash.xml)
I:Load XML directly
I:PageManager::LoadFileToBuffer loading filename: '/twres/splash.xml' directly
I:Checking resolution...
I:Scaling theme width 1.111111x and height 1.297917x, offsets x: 0 y: 116 w: 0 h: -116
I:Loading resources...
I:Loading variables...
I:Loading mouse cursor...
I:Loading pages...
I:Loading page splash
I:Switching packages (splash)
I:Can't probe device /dev/block/sda34
I:Unable to mount '/data'
I:Actual block device: '/dev/block/sda34', current file system: 'f2fs'
I:Setting up '/data' as data/media emulated storage.
I:Can't probe device /dev/block/sda34
I:Unable to mount '/data'
I:Actual block device: '/dev/block/sda34', current file system: 'f2fs'
I:Adding user-defined path '/data/fonts' to the backup exclusions
I:Apex is disabled in this build
Failed to unmount '/vendor' (Device or resource busy)
I:Backup folder set to '/data/media/TWRP/BACKUPS/7dd72789'
Using additional fstab for decryption /etc/additional.fstab 
I:prepdecrypt::File Based Encryption (FBE) is present.
I:prepdecrypt::SETPATCH=true
I:prepdecrypt::crypto.ready=1
I:prepdecrypt::Script complete. Device ready for decryption.
I:Successfully decrypted metadata encrypted data partition with new block device: '/dev/block/mapper/userdata'
I:File Based Encryption is present
Attempting to initialize DE keys
SELinux: Loaded file context from:
		/plat_file_contexts
		/system_ext_file_contexts
		/product_file_contexts
		/vendor/etc/selinux/vendor_file_contexts
		/odm_file_contexts
Handle is 'ee3a755bfe3c2977'
Get_Password_Data handle_len is 0
password type: PIN
I:Android 12+: '/data/system/users/0.xml' has been converted into plain text xml (for user 0).
I:PageManager::LoadFileToBuffer loading filename: '/tmp/converted_xml/0.xml' directly
Handle is 'ee3a755bfe3c2977'
Get_Password_Data handle_len is 0
password type: PIN
I:User 0 is not decrypted.
Updating partition details...
I:checking for twrp app
I:Mount_Flags: 0, Mount_Options: 
I:Mount_Flags: 0, Mount_Options: 
I:Mount_Flags: 0, Mount_Options: 
I:Mount_Flags: 0, Mount_Options: 
I:Data backup size is 11233MB, free: 451871MB.
...done
/super | /dev/block/by-name/super | Size: 0MB
   Flags: Can_Be_Backed_Up IsPresent Can_Flash_Img 
   Alternate_Block_Device: /dev/block/by-name/super
   Display_Name: super
   Backup_Path: /super
   Backup_Name: super
   Backup_Display_Name: Super (system system_ext product vendor)
   Current_File_System: emmc
   Backup_Method: dd

I:Unmounting main partitions...
I:Unable to unmount '/vendor'
I:Loading package: TWRP (/twres/ui.xml)
I:Load XML directly
I:PageManager::LoadFileToBuffer loading filename: '/twres/languages/zh_TW.xml' directly
I:PageManager::LoadFileToBuffer loading filename: '/twres/languages/zh_CN.xml' directly
I:PageManager::LoadFileToBuffer loading filename: '/twres/languages/uk.xml' directly
I:PageManager::LoadFileToBuffer loading filename: '/twres/languages/tr.xml' directly
I:PageManager::LoadFileToBuffer loading filename: '/twres/languages/sv.xml' directly
I:PageManager::LoadFileToBuffer loading filename: '/twres/languages/sl.xml' directly
I:PageManager::LoadFileToBuffer loading filename: '/twres/languages/sk.xml' directly
I:PageManager::LoadFileToBuffer loading filename: '/twres/languages/ru.xml' directly
I:PageManager::LoadFileToBuffer loading filename: '/twres/languages/pt_PT.xml' directly
I:PageManager::LoadFileToBuffer loading filename: '/twres/languages/pt_BR.xml' directly
I:PageManager::LoadFileToBuffer loading filename: '/twres/languages/pl.xml' directly
I:PageManager::LoadFileToBuffer loading filename: '/twres/languages/nl.xml' directly
I:PageManager::LoadFileToBuffer loading filename: '/twres/languages/lk.xml' directly
I:PageManager::LoadFileToBuffer loading filename: '/twres/languages/ja.xml' directly
I:PageManager::LoadFileToBuffer loading filename: '/twres/languages/it.xml' directly
I:PageManager::LoadFileToBuffer loading filename: '/twres/languages/id.xml' directly
I:PageManager::LoadFileToBuffer loading filename: '/twres/languages/hu.xml' directly
I:PageManager::LoadFileToBuffer loading filename: '/twres/languages/fr.xml' directly
I:PageManager::LoadFileToBuffer loading filename: '/twres/languages/es.xml' directly
I:PageManager::LoadFileToBuffer loading filename: '/twres/languages/en.xml' directly
I:PageManager::LoadFileToBuffer loading filename: '/twres/languages/el.xml' directly
I:PageManager::LoadFileToBuffer loading filename: '/twres/languages/de.xml' directly
I:PageManager::LoadFileToBuffer loading filename: '/twres/languages/cz.xml' directly
I:PageManager::LoadFileToBuffer loading filename: '/twres/languages/en.xml' directly
parsing languageFile
parsing languageFile done
I:PageManager::LoadFileToBuffer loading filename: '/twres/ui.xml' directly
I:Checking resolution...
I:Scaling theme width 1.111111x and height 1.297917x, offsets x: 0 y: 116 w: 0 h: -116
I:Loading resources...
I:Failed to load image from indeterminate013, error -1
I:Loading variables...
I:Loading mouse cursor...
I:Loading pages...
I:Including file: /twres/portrait.xml...
I:PageManager::LoadFileToBuffer loading filename: '/twres/portrait.xml' directly
I:Loading resources...
I:Loading variables...
I:Loading mouse cursor...
I:Loading pages...
I:Loading page main
I:Loading page main2
I:Loading page install
I:Loading page flash_confirm
I:Loading page flash_zip
I:Loading page flash_done
I:Loading page flash_sleep_and_reboot
I:Loading page flashimage_confirm
I:Loading page clear_vars
I:Loading page reboot_system_routine
I:Loading page confirm_action
I:Loading page action_page
I:Loading page singleaction_page
I:Loading page action_complete
I:Loading page filecheck
I:Loading page rebootcheck
I:Loading page wipe
I:Loading page advancedwipe
I:Loading page formatdata
I:Loading page formatdata_confirm
I:Loading page wlan_password
I:Loading page checkpartitionlist
I:Loading page partitionoptions
I:Loading page refreshfilesystem
I:Loading page selectfilesystem
I:Loading page backup
I:Loading page multiuser_warning
I:Loading page backup_options
I:Loading page backupname1
I:Loading page backupname2
I:Loading page backupencryption
I:Loading page backupencryption2
I:Loading page checkbackuppassword
I:Loading page backup_run
I:Loading page restore
I:Unable to open '/data/media/TWRP/BACKUPS/7dd72789'
I:Loading page restore_force
I:Unable to open '/data/media/TWRP/BACKUPS'
I:Loading page restore_read
I:Loading page restore_decrypt
I:Loading page try_restore_decrypt
I:Loading page restore_select
I:Loading page renamebackup
I:Loading page restore_run
I:Loading page mount
I:Loading page usb_mount
I:Loading page usb_umount
I:Loading page system_readonly_check
I:Loading page fastbootreboot
I:Loading page reboot
I:Loading page installapp
I:Loading page system_readonly
I:Loading page settings
I:Loading page settings_timezone
I:Loading page settings_screen
I:Loading page settings_vibration
I:Loading page settings_language
I:Loading page copylog
I:Loading page extension
I:Loading page wlan
I:Loading page advanced
I:Loading page partsdcardsel
I:Loading page partsdcardcheck
I:Loading page partsdcard
I:Loading page repackselect
I:Loading page repackconfirm
I:Loading page lock
I:Loading page filemanagerlist
I:Loading page filemanageroptions
I:Loading page choosedestinationfolder
I:Loading page filemanagerrenamefile
I:Loading page filemanagerrenamefolder
I:Loading page filemanagerchmod
I:Loading page filemanagerconfirm
I:Loading page filemanageraction
I:Loading page decrypt
I:Loading page decrypt_pattern
I:Loading page decrypt_pin
I:Loading page trydecrypt
I:Loading page canceldecrypt
I:Loading page terminalcommand
I:Loading page fastboot
I:Loading page sideload
I:Loading page fixcontexts
I:Loading page slideout
I:Loading page select_storage
I:Loading page select_wlan
I:Loading page select_language
I:Loading page decrypt_users
I:Loading page changeTwrpFolder
I:Loading page restore_keymaster
I:Set page: 'decrypt_pin'
I:Switching packages (TWRP)
I:Attempt to load settings from settings file...
I:InfoManager loading from '/persist/TWRP/.twrp_settings'.
I:Backup folder set to '/data/media/TWRP/BACKUPS/7dd72789'
I:Version number saved to '/cache/recovery/.version'
I:Unable to mount '/usbotg'
I:Actual block device: '', current file system: 'auto'
I:Unable to mount '/storage/sdcard1'
I:Actual block device: '', current file system: 'vfat'
I:Unable to mount '/usb_otg'
I:Actual block device: '', current file system: 'auto'
I:TWFunc::Set_Brightness: Setting brightness control to 250
I:PageManager::LoadFileToBuffer loading filename: '/twres/languages/zh_CN.xml' directly
parsing languageFile
parsing languageFile done
I:Translating partition display names
I:Backup folder set to '/data/media/TWRP/BACKUPS/7dd72789'
sys.boot_completed=1
ro.boot.dp=0x20
ro.boot.hwc=CN
ro.boot.cpuid=0x0000046ae54dd1bd
ro.boot.memcg=1
ro.boot.vbmeta.boot.digest=679e5973174db0ba7aa15ccca62236a95df21aa255fe205425c78a61196e5c79
ro.boot.vbmeta.boot.hash_alg=sha256
ro.boot.vbmeta.dtbo.digest=9e0c7230358e2b141c0dde16cebb87b28381938610134d41e2f709c4eb85f731
ro.boot.vbmeta.dtbo.hash_alg=sha256
ro.boot.vbmeta.size=16640
ro.boot.vbmeta.pvmfw.digest=ede7345e81e2bca649e721e32761881d97c15fc8e15d590960c767fee09f979e
ro.boot.vbmeta.pvmfw.hash_alg=sha256
ro.boot.vbmeta.device=PARTUUID=729c9ad6-e67b-c442-69c1-6277dacb3412
ro.boot.vbmeta.digest=8b3ff234914c7a08452e517ea4e80c9321a287e021d96429ebe9f93238e5aff9
ro.boot.vbmeta.hash_alg=sha256
ro.boot.vbmeta.recovery.digest=40325289a62a7ad09c1214a64e0484ae0fe71ef47952c7dd742fcbb8488e934e
ro.boot.vbmeta.recovery.hash_alg=sha256
ro.boot.vbmeta.init_boot.digest=77ebd682796a7b5d98d0af215e927772073269635d556f653e80d3f24ddca60a
ro.boot.vbmeta.init_boot.hash_alg=sha256
ro.boot.vbmeta.avb_version=1.3
ro.boot.vbmeta.countrycode.digest=bd6c9c3e76dd5ec3ce2f983e6c177eefeff59dd051fdc8483b2fbb7b62152765
ro.boot.vbmeta.countrycode.hash_alg=sha256
ro.boot.vbmeta.vendor_boot.digest=518d17c02675c5f7878d0818fefed3f73b1d2b52574203deb919e08ae7ce0abf
ro.boot.vbmeta.vendor_boot.hash_alg=sha256
ro.boot.vbmeta.device_state=unlocked
ro.boot.vbmeta.public_key_digest=e5c32182629bfa8657708e8cad3e3ef83c9764594a213f8a8824e06386b9c5e1
ro.boot.vendor.qspa=true
ro.boot.vendor.qspa.eva=enabled
ro.boot.vendor.qspa.gpu=enabled
ro.boot.vendor.qspa.nav=enabled
ro.boot.vendor.qspa.npu=enabled
ro.boot.vendor.qspa.nsp=enabled
ro.boot.vendor.qspa.comp=enabled
ro.boot.vendor.qspa.spss=enabled
ro.boot.vendor.qspa.wlan=enabled
ro.boot.vendor.qspa.audio=enabled
ro.boot.vendor.qspa.comp1=enabled
ro.boot.vendor.qspa.modem=enabled
ro.boot.vendor.qspa.video=enabled
ro.boot.vendor.qspa.camera=enabled
ro.boot.vendor.qspa.display=enabled
ro.boot.vendor.qspa.sensors=enabled
ro.boot.vendor.qspa.display1=enabled
ro.boot.dtb_idx=2
ro.boot.hwlevel=MP
ro.boot.ramdump=disable
ro.boot.baseband=msm
ro.boot.dtbo_idx=0
ro.boot.hardware=qcom
ro.boot.hardware.cpu.pagesize=4096
ro.boot.hardware.sku=nezha
ro.boot.hwversion=5.9.0
ro.boot.keymaster=1
ro.boot.bootdevice=1d84000.ufshc
ro.boot.hypervisor.oemvm_dtbo_idx=1
ro.boot.hypervisor.tuivm_dtbo_idx=0
ro.boot.rpmbstatus=19
ro.boot.secureboot=1
ro.boot.veritymode=enforcing
ro.boot.veritymode.managed=yes
ro.boot.boot_devices=soc/1d84000.ufshc
ro.boot.panel_cell_id=AL9558R06MBG8
ro.boot.ptcountrycode=cn
ro.boot.serialconsole=0
ro.boot.usbcontroller=a600000.dwc3
ro.boot.display_ap_spr=0
ro.boot.panel_build_id=P20
ro.boot.verifiedbootstate=orange
ro.boot.load_modules_parallel=true
ro.baseband=msm
ro.bootmode=unknown
ro.hardware=qcom
ro.revision=0
ro.bootloader=unknown
ro.boottime.odm.se_omapi=1497451405
ro.boottime.odm.post_boot=1492953957
ro.boottime.odm.prepdecrypt=3097151663
ro.boottime.odm.touch_report=2974715361
ro.boottime.odm.variant-script=1477393957
ro.boottime.odm.weaver-service=1495525936
ro.boottime.odm.keymint-strongbox=2985614580
ro.boottime.odm.vibratorfeature-service=2972338591
ro.boottime.adbd=1500027447
ro.boottime.init=366907187
ro.boottime.init.modules=983
ro.boottime.init.selinux=17711771
ro.boottime.init.first_stage=986478593
ro.boottime.init.cold_boot_wait=71
ro.boottime.logd=1456341197
ro.boottime.ttyd=2674849007
ro.boottime.vendor.ssgtzd=1481321353
ro.boottime.vendor.boot-qti=1456966197
ro.boottime.vendor.qseecomd=1465736978
ro.boottime.vendor.keymint-qti=1464849165
ro.boottime.vendor.health-default=2969091559
ro.boottime.vendor.secure_element=1462816093
ro.boottime.vendor.gatekeeper_default=1460426770
ro.boottime.charger=1487576457
ro.boottime.console=1455248436
ro.boottime.ueventd=1380483436
ro.boottime.recovery=1489422603
ro.boottime.keystore2=1466312447
ro.boottime.microhttpd=2669690101
ro.boottime.servicemanager=1459834218
ro.boottime.init.fsck.data=149
ro.boottime.init.mount.data=37
ro.product.name_for_attestation=nezha
ro.product.brand_for_attestation=Xiaomi
ro.product.model_for_attestation=2512BPNDAC
ro.product.device_for_attestation=nezha
ro.product.manufacturer_for_attestation=Xiaomi
ro.product.bootimage.name=nezha
ro.product.bootimage.brand=Xiaomi
ro.product.bootimage.model=2512BPNDAC
ro.product.bootimage.device=nezha
ro.product.bootimage.manufacturer=Xiaomi
ro.bootimage.build.id=BQ2A.250705.001-BP2A.250605.031.A3
ro.bootimage.build.date=Wed Feb  4 21:32:27 CST 2026
ro.bootimage.build.date.utc=1770211947
ro.bootimage.build.tags=release-keys
ro.bootimage.build.type=user
ro.bootimage.build.version.sdk=36
ro.bootimage.build.version.release=16
ro.bootimage.build.version.incremental=OS3.0.15.0.WPACNXM
ro.bootimage.build.version.release_or_codename=16
ro.bootimage.build.fingerprint=Xiaomi/nezha/nezha:16/BQ2A.250705.001-BP2A.250605.031.A3/OS3.0.15.0.WPACNXM:user/release-keys
ro.odm.build.date=Tue Mar 17 13:52:07 UTC 2026
ro.odm.build.date.utc=1773755527
ro.odm.build.version.incremental=eng.runner
ro.odm.build.fingerprint=Xiaomi/twrp_sm8850_nezha/sm8850_nezha:99.87.36/BP2A.250605.031.A2/eng.runner:eng/test-keys
ro.product.odm.name=nezha
ro.product.odm.brand=Xiaomi
ro.product.odm.model=Xiaomi 17 Ultra
ro.product.odm.device=nezha
ro.product.odm.manufacturer=Xiaomi
ro.adb.secure=0
ro.build.id=BP2A.250605.031.A2
ro.build.date=Tue Mar 17 13:52:07 UTC 2026
ro.build.date.utc=1773755527
ro.build.host=runnervm46oaq
ro.build.tags=test-keys
ro.build.type=eng
ro.build.user=runner
ro.build.flavor=twrp_sm8850_nezha-eng
ro.build.display.id=twrp_sm8850_nezha-eng 99.87.36 BP2A.250605.031.A2 eng.runner test-keys
ro.build.product=nezha
ro.build.version.sdk=36
ro.build.version.base_os=
ro.build.version.release=16
ro.build.version.codename=REL
ro.build.version.incremental=eng.runner
ro.build.version.preview_sdk=0
ro.build.version.all_codenames=REL
ro.build.version.security_patch=2026-02-01
ro.build.version.release_or_codename=99.87.36
ro.build.version.preview_sdk_fingerprint=REL
ro.build.version.min_supported_target_sdk=28
ro.build.description=twrp_sm8850_nezha-eng 99.87.36 BP2A.250605.031.A2 eng.runner test-keys
ro.build.characteristics=default
ro.build.backported_fixes.alias_bitset.long_list=18
ro.force.debuggable=0
ro.llndk.api_level=202504
ro.system.build.id=BP2A.250605.031.A2
ro.system.build.date=Tue Mar 17 13:52:07 UTC 2026
ro.system.build.date.utc=1773755527
ro.system.build.tags=test-keys
ro.system.build.type=eng
ro.system.build.version.sdk=36
ro.system.build.version.release=99.87.36
ro.system.build.version.incremental=eng.runner
ro.system.build.version.release_or_codename=99.87.36
ro.system.build.fingerprint=Xiaomi/twrp_sm8850_nezha/sm8850_nezha:99.87.36/BP2A.250605.031.A2/eng.runner:eng/test-keys
ro.treble.enabled=true
ro.product.cpu.abi=arm64-v8a
ro.product.cpu.abilist=arm64-v8a
ro.product.cpu.pagesize.max=16384
ro.product.cpu.abilist32=
ro.product.cpu.abilist64=arm64-v8a
ro.product.name=nezha
ro.product.brand=Xiaomi
ro.product.build.id=BP2A.250605.031.A2
ro.product.build.date=Tue Mar 17 13:52:07 UTC 2026
ro.product.build.date.utc=1773755527
ro.product.build.tags=test-keys
ro.product.build.type=eng
ro.product.build.version.sdk=36
ro.product.build.version.release=99.87.36
ro.product.build.version.incremental=eng.runner
ro.product.build.version.release_or_codename=99.87.36
ro.product.build.fingerprint=Xiaomi/twrp_sm8850_nezha/sm8850_nezha:99.87.36/BP2A.250605.031.A2/eng.runner:eng/test-keys
ro.product.model=Xiaomi 17 Ultra
ro.product.device=nezha
ro.product.system.name=nezha
ro.product.system.brand=Xiaomi
ro.product.system.model=Xiaomi 17 Ultra
ro.product.system.device=nezha
ro.product.system.manufacturer=Xiaomi
ro.product.product.name=nezha
ro.product.product.brand=Xiaomi
ro.product.product.model=Xiaomi 17 Ultra
ro.product.product.device=nezha
ro.product.product.manufacturer=Xiaomi
ro.product.system_ext.name=nezha
ro.product.system_ext.brand=Xiaomi
ro.product.system_ext.model=Xiaomi 17 Ultra
ro.product.system_ext.device=nezha
ro.product.system_ext.manufacturer=Xiaomi
ro.product.manufacturer=Xiaomi
ro.system_ext.build.id=BP2A.250605.031.A2
ro.system_ext.build.date=Tue Mar 17 13:52:07 UTC 2026
ro.system_ext.build.date.utc=1773755527
ro.system_ext.build.tags=test-keys
ro.system_ext.build.type=eng
ro.system_ext.build.version.sdk=36
ro.system_ext.build.version.release=99.87.36
ro.system_ext.build.version.incremental=eng.runner
ro.system_ext.build.version.release_or_codename=99.87.36
ro.system_ext.build.fingerprint=Xiaomi/twrp_sm8850_nezha/sm8850_nezha:99.87.36/BP2A.250605.031.A2/eng.runner:eng/test-keys
ro.actionable_compatible_property.enabled=true
ro.board.api_level=202504
ro.board.api_frozen=true
ro.board.first_api_level=35
ro.vendor.build.date=Tue Mar 17 13:52:07 UTC 2026
ro.vendor.build.date.utc=1773755527
ro.vendor.product.cpu.abilist=arm64-v8a
ro.vendor.product.cpu.abilist32=
ro.vendor.product.cpu.abilist64=arm64-v8a
ro.vendor.api_level=202404
ro.product.board=canoe
ro.product.vendor.name=nezha
ro.product.vendor.brand=Xiaomi
ro.product.vendor.model=Xiaomi 17 Ultra
ro.product.vendor.device=nezha
ro.product.vendor.manufacturer=Xiaomi
ro.product.first_api_level=35
ro.charger.enable_suspend=1
ro.cold_boot_done=true
ro.bionic.arch=arm64
ro.bionic.2nd_arch=
ro.bionic.cpu_variant=generic
ro.bionic.2nd_cpu_variant=
ro.dalvik.vm.native.bridge=0
ro.dalvik.vm.enable_uffd_gc=true
ro.zygote=zygote64
dalvik.vm.isa.arm64.variant=generic
dalvik.vm.isa.arm64.features=default
dalvik.vm.dexopt.secondary=true
dalvik.vm.dexopt.thermal-cutoff=2
dalvik.vm.usejit=true
dalvik.vm.madvise.odexfile.size=104857600
dalvik.vm.madvise.vdexfile.size=104857600
dalvik.vm.lockprof.threshold=500
dalvik.vm.dex2oat64.enabled=true
dalvik.vm.dex2oat-Xms=64m
dalvik.vm.dex2oat-Xmx=512m
dalvik.vm.minidebuginfo=true
dalvik.vm.useartservice=true
dalvik.vm.appimageformat=lz4
dalvik.vm.enable_pr_dexopt=true
dalvik.vm.disable-odrefresh=true
dalvik.vm.image-dex2oat-Xms=64m
dalvik.vm.image-dex2oat-Xmx=64m
dalvik.vm.usap_pool_enabled=false
dalvik.vm.usap_pool_size_max=3
dalvik.vm.usap_pool_size_min=1
dalvik.vm.dex2oat-minidebuginfo=true
dalvik.vm.usap_refill_threshold=1
dalvik.vm.usap_pool_refill_delay_ms=3000
dalvik.vm.disable-art-service-dexopt=true
dalvik.vm.dex2oat-max-image-block-size=524288
dalvik.vm.dex2oat-resolve-startup-strings=true
persist.sys.dalvik.vm.lib.2=libart.so
debug.atrace.tags.enableflags=0
ro.product.debugfs_restrictions.enabled=true
ro.twrp.boot=1
ro.twrp.version=3.7.1_16-0
ro.twrp.h_offset=-116
ro.twrp.y_offset=116
ro.twrp.fastbootd=0
ro.twrp.device_version=Xiaomi_17_Ultra
ro.wifi.channels=
ro.allow.mock.location=1
ro.build.selinux=1
ro.build.version.sdk_full=36.0
ro.build.version.known_codenames=Base,Base11,Cupcake,Donut,Eclair,Eclair01,EclairMr1,Froyo,Gingerbread,GingerbreadMr1,Honeycomb,HoneycombMr1,HoneycombMr2,IceCreamSandwich,IceCreamSandwichMr1,JellyBean,JellyBeanMr1,JellyBeanMr2,Kitkat,KitkatWatch,Lollipop,LollipopMr1,M,N,NMr1,O,OMr1,P,Q,R,S,Sv2,Tiramisu,UpsideDownCake,VanillaIceCream,Baklava
ro.build.version.release_or_preview_display=16
ro.kernel.android.checkjni=1
ro.kernel.version=6.12
ro.system.build.version.sdk_full=36.0
ro.system.product.cpu.abilist=arm64-v8a
ro.system.product.cpu.abilist32=
ro.system.product.cpu.abilist64=arm64-v8a
ro.product.build.version.sdk_full=36.0
ro.product.bootimage.cert=2512BPNDAC
ro.product.bootimage.marketname=Xiaomi 17 Ultra
ro.appsearch.feature.enable_isolated_storage=
ro.bootimage.build.version.sdk_full=36.0
ro.system_ext.build.version.sdk_full=36.0
ro.postinstall.fstab.prefix=/system
fbe.contents=aes-256-xts
fbe.filenames=aes-256-cts:v2+inlinecrypt_optimized+wrappedkey_v0
init.svc_debug.no_fatal.zygote=true
twrp.user.0.decrypt=0
twrp.super.symlinks_created=true
twrp.modules.loaded=true
twrp.crash_counter=0
twrp.action_complete=0
fstab.additional=1
crypto.ready=1
metadata.contents=aes-256-xts
metadata.filenames=wrappedkey_v0
prepdecrypt.setpatch=true
prepdecrypt.system_mounted=0
prepdecrypt.vendor_mounted=0
keymaster_ver=
ro.product.build.16k_page.enabled=false
ro.apex.updatable=true
ro.boot.product.hardware.sku=nezha
ro.boot.slot_suffix=_a
ro.boot.fstab_suffix=default
ro.boot.dynamic_partitions=true
ro.hwui.use_vulkan=
ro.board.platform=xiaomi_sm8850
ro.build.ab_update=true
pm.dexopt.ab-ota=speed-profile
pm.dexopt.shared=speed
pm.dexopt.cmdline=verify
pm.dexopt.install=speed-profile
pm.dexopt.inactive=verify
pm.dexopt.bg-dexopt=speed-profile
pm.dexopt.post-boot=verify
pm.dexopt.first-boot=verify
pm.dexopt.install-bulk=speed-profile
pm.dexopt.install-fast=skip
pm.dexopt.boot-after-ota=verify
pm.dexopt.install-bulk-secondary=verify
pm.dexopt.install-bulk-downgraded=verify
pm.dexopt.boot-after-mainline-update=verify
pm.dexopt.install-bulk-secondary-downgraded=verify
sys.usb.ffs.ready=1
ro.build.fingerprint=Xiaomi/twrp_sm8850_nezha/sm8850_nezha:99.87.36/BP2A.250605.031.A2/eng.runner:eng/test-keys
ro.gsid.image_running=0
gsid.image_installed=0
ro.boot.hypervisor.version=gunyah
ro.boot.hypervisor.protected_vm.supported=true
init.svc.logd=running
init.svc.ttyd=running
init.svc.charger=running
init.svc.ueventd=running
init.svc.recovery=running
init.svc.keystore2=running
init.svc.microhttpd=running
init.svc.servicemanager=running
init.svc.adbd=running
init.svc.console=stopped
init.svc_debug_pid.odm.se_omapi=507
init.svc_debug_pid.odm.post_boot=
init.svc_debug_pid.odm.prepdecrypt=
init.svc_debug_pid.odm.touch_report=891
init.svc_debug_pid.odm.variant-script=
init.svc_debug_pid.odm.weaver-service=893
init.svc_debug_pid.odm.keymint-strongbox=664
init.svc_debug_pid.odm.vibratorfeature-service=892
init.svc_debug_pid.adbd=805
init.svc_debug_pid.logd=467
init.svc_debug_pid.ttyd=654
init.svc_debug_pid.vendor.ssgtzd=490
init.svc_debug_pid.vendor.boot-qti=468
init.svc_debug_pid.vendor.qseecomd=803
init.svc_debug_pid.vendor.keymint-qti=476
init.svc_debug_pid.vendor.health-default=658
init.svc_debug_pid.vendor.secure_element=804
init.svc_debug_pid.vendor.gatekeeper_default=473
init.svc_debug_pid.charger=498
init.svc_debug_pid.console=
init.svc_debug_pid.ueventd=456
init.svc_debug_pid.recovery=499
init.svc_debug_pid.keystore2=478
init.svc_debug_pid.microhttpd=652
init.svc_debug_pid.servicemanager=472
keystore.crash_count=0
ro.logd.kernel=true
logd.ready=true
ro.vendor.build.ab_ota_partitions=boot,dtbo,init_boot,odm,product,system,system_dlkm,system_ext,vbmeta,vbmeta_system,vendor,vendor_boot,vendor_dlkm
ro.product.ab_ota_partitions=boot,dtbo,init_boot,odm,product,system,system_dlkm,system_ext,vbmeta,vbmeta_system,vendor,vendor_boot,vendor_dlkm
ro.cp_system_other_odex=1
ro.product.page_size=4096
persist.debug.dalvik.vm.core_platform_api_policy=just-warn
persist.debug.perfetto.persistent_sysui_tracing_for_bugreport=1
ro.property_service.version=2
ro.minui.pixel_format=RGBX_8888
ro.minui.overscan_percent=0
ro.recovery.usb.adb.pid=D001
ro.recovery.usb.vid=18D1
ro.recovery.usb.fastboot.pid=4EE0
ro.boot.serialno=7dd72789
ro.serialno=7dd72789
servicemanager.ready=true
service.adb.root=1
external_storage.projid.enabled=1
external_storage.casefold.enabled=1
external_storage.sdcardfs.enabled=0
ro.surface_flinger.game_default_frame_rate_override=60
dev.mnt.blk.s=
dev.mnt.blk.v=
dev.mnt.blk.odm=
dev.mnt.blk.data=sda34
dev.mnt.blk.data.user.0=sda34
dev.mnt.blk.cache=sda32
dev.mnt.blk.modem=
dev.mnt.blk.vendor=sda33
dev.mnt.blk.firmware=sde7
dev.mnt.blk.metadata=sda20
dev.mnt.blk.system_root=
dev.mnt.blk.vendor_dlkm=
dev.mnt.dev.s=
dev.mnt.dev.v=
dev.mnt.dev.odm=
dev.mnt.dev.data=dm-8
dev.mnt.dev.data.user.0=dm-8
dev.mnt.dev.cache=sda32
dev.mnt.dev.modem=
dev.mnt.dev.vendor=dm-5
dev.mnt.dev.firmware=sde7
dev.mnt.dev.metadata=sda20
dev.mnt.dev.system_root=
dev.mnt.dev.vendor_dlkm=
dev.mnt.rootdisk.s=
dev.mnt.rootdisk.v=
dev.mnt.rootdisk.odm=
dev.mnt.rootdisk.data=sda
dev.mnt.rootdisk.data.user.0=sda
dev.mnt.rootdisk.cache=sda
dev.mnt.rootdisk.modem=
dev.mnt.rootdisk.vendor=sda
dev.mnt.rootdisk.firmware=sde
dev.mnt.rootdisk.metadata=sda
dev.mnt.rootdisk.system_root=
dev.mnt.rootdisk.vendor_dlkm=
net.bt.name=Android
persist.sys.usb.config=adb
persist.sys.fuse.passthrough.enable=true
persist.sys.disable_rescue=true
persist.sys.timezone=CST6CDT,M3.2.0,M11.1.0
persist.traced.enable=1
sys.usb.mtp.batchcancel=1
sys.usb.mtp.device_type=3
sys.usb.state=adb
sys.usb.config=adb
sys.usb.configfs=1
sys.usb.controller=a600000.dwc3
ro.secure=0
ro.debuggable=1
ro.odm.mm.vibrator.he1.0=mihaptic
ro.odm.mm.vibrator.sys_path=/sys/class/qcom-haptics
ro.odm.mm.vibrator.device_type=agm
ro.odm.mm.vibrator.resonant_frequency=170
ro.odm.mm.vibrator.audio_haptic_support=true
ro.odm.mm.vibrator.slide_effect_protect_time=20
ro.odm.build.id=BP2A.250605.031.A2
ro.odm.build.tags=test-keys
ro.odm.build.type=eng
ro.odm.build.version.sdk=36
ro.odm.build.version.release=99.87.36
ro.odm.build.version.sdk_full=36.0
ro.odm.build.version.release_or_codename=99.87.36
ro.odm.product.cpu.abilist=arm64-v8a
ro.odm.product.cpu.abilist32=
ro.odm.product.cpu.abilist64=arm64-v8a
ro.vendor.mm.vibrator.sys_path=/sys/class/qcom-haptics
init.svc.odm.se_omapi=running
init.svc.odm.post_boot=stopped
init.svc.odm.prepdecrypt=stopped
init.svc.odm.touch_report=restarting
init.svc.odm.variant-script=stopped
init.svc.odm.weaver-service=restarting
init.svc.odm.keymint-strongbox=running
init.svc.odm.vibratorfeature-service=restarting
init.svc.vendor.ssgtzd=running
init.svc.vendor.boot-qti=running
init.svc.vendor.qseecomd=running
init.svc.vendor.keymint-qti=running
init.svc.vendor.health-default=running
init.svc.vendor.secure_element=running
init.svc.vendor.gatekeeper_default=running
vendor.sys.listeners.registered=true
vendor.usb.uvc.function.init=1
vendor.usb.configfs=1
vendor.usb.rps_mask=0
vendor.usb.product_string=Xiaomi 17 Ultra
vendor.haptic.calibrate.done=1
vendor.post_boot.parsed=1
vendor.gatekeeper.disable_spu=true
vendor.gatekeeper.is_security_level_spu=0
ro.vendor.build.security_patch=2026-02-01
ro.virtual_ab.enabled=true
ro.virtual_ab.io_uring.enabled=true
ro.virtual_ab.userspace.snapshots.enabled=true
ro.virtual_ab.compression.xor.enabled=true
ro.virtual_ab.compression.enabled=true
ro.virtual_ab.batch_writes=true
ro.crypto.metadata.enabled=true
ro.crypto.fs_crypto_blkdev=/dev/block/mapper/userdata
ro.crypto.type=file
ro.crypto.state=encrypted

I:Overriding ro.build.date.utc with value: "0"
I:Overriding ro.bootimage.build.date.utc with value: "0"
I:Overriding ro.vendor.build.date.utc with value: "0"
I:Overriding ro.system.build.date.utc with value: "0"
I:Overriding ro.system_ext.build.date.utc with value: "0"
I:Overriding ro.product.build.date.utc with value: "0"
I:Overriding ro.odm.build.date.utc with value: "0"
copying '/data/misc/keystore/persistent.sqlite' to '/tmp/misc/keystore/persistent.sqlite'
I:Is encrypted, do decrypt page first
I:Switching packages (TWRP)
I:Set page: 'decrypt'
I:Set page: 'decrypt_pin'
I:Found a match 'sdf' '/devices/platform/soc/'
I:Decrypt adopted storage starting
I:PageManager::LoadFileToBuffer loading filename: '/data/system/storage.xml' directly
I:No /data/system/storage.xml for adopted storage
I:No adopted storage so finding actual block device
I:Processing '/usbotg-1'
I:Created '/usbotg-1' folder.
I:Can't probe device /dev/block//sdf2
I:Unable to mount '/usbotg-1'
I:Actual block device: '/dev/block//sdf2', current file system: 'auto'
/usbotg-1 | /dev/block//sdf2 | Size: 0MB Used: 0MB Free: 0MB Backup Size: 0MB
   Flags: Can_Be_Mounted Can_Be_Wiped Wipe_Available_in_GUI Is_SubPartition Removable IsPresent Is_Storage 
   SubPartition_Of: /usbotg
   Primary_Block_Device: /dev/block//sdf2
   Display_Name: 存储空间 1
   Storage_Name: 存储空间 1
   Backup_Path: /usbotg-1
   Backup_Name: usbotg-1
   Backup_Display_Name: usbotg-1
   Storage_Path: /usbotg-1
   Current_File_System: auto
   Fstab_File_System: auto
   Backup_Method: files

I:Processing '/usbotg-2'
I:Created '/usbotg-2' folder.
I:Can't probe device /dev/block//sdf3
I:Unable to mount '/usbotg-2'
I:Actual block device: '/dev/block//sdf3', current file system: 'auto'
/usbotg-2 | /dev/block//sdf3 | Size: 0MB Used: 0MB Free: 0MB Backup Size: 0MB
   Flags: Can_Be_Mounted Can_Be_Wiped Wipe_Available_in_GUI Is_SubPartition Removable IsPresent Is_Storage 
   SubPartition_Of: /usbotg
   Primary_Block_Device: /dev/block//sdf3
   Display_Name: 存储空间 2
   Storage_Name: 存储空间 2
   Backup_Path: /usbotg-2
   Backup_Name: usbotg-2
   Backup_Display_Name: usbotg-2
   Storage_Path: /usbotg-2
   Current_File_System: auto
   Fstab_File_System: auto
   Backup_Method: files

I:Processing '/usbotg-3'
I:Created '/usbotg-3' folder.
I:Can't probe device /dev/block//sdf5
I:Unable to mount '/usbotg-3'
I:Actual block device: '/dev/block//sdf5', current file system: 'auto'
/usbotg-3 | /dev/block//sdf5 | Size: 0MB Used: 0MB Free: 0MB Backup Size: 0MB
   Flags: Can_Be_Mounted Can_Be_Wiped Wipe_Available_in_GUI Is_SubPartition Removable IsPresent Is_Storage 
   SubPartition_Of: /usbotg
   Primary_Block_Device: /dev/block//sdf5
   Display_Name: 存储空间 3
   Storage_Name: 存储空间 3
   Backup_Path: /usbotg-3
   Backup_Name: usbotg-3
   Backup_Display_Name: usbotg-3
   Storage_Path: /usbotg-3
   Current_File_System: auto
   Fstab_File_System: auto
   Backup_Method: files

I:Processing '/usbotg-4'
I:Created '/usbotg-4' folder.
I:Can't probe device /dev/block//sdf7
I:Unable to mount '/usbotg-4'
I:Actual block device: '/dev/block//sdf7', current file system: 'auto'
/usbotg-4 | /dev/block//sdf7 | Size: 0MB Used: 0MB Free: 0MB Backup Size: 0MB
   Flags: Can_Be_Mounted Can_Be_Wiped Wipe_Available_in_GUI Is_SubPartition Removable IsPresent Is_Storage 
   SubPartition_Of: /usbotg
   Primary_Block_Device: /dev/block//sdf7
   Display_Name: 存储空间 4
   Storage_Name: 存储空间 4
   Backup_Path: /usbotg-4
   Backup_Name: usbotg-4
   Backup_Display_Name: usbotg-4
   Storage_Path: /usbotg-4
   Current_File_System: auto
   Fstab_File_System: auto
   Backup_Method: files

I:Processing '/usbotg-5'
I:Created '/usbotg-5' folder.
I:Can't probe device /dev/block//sdf4
I:Unable to mount '/usbotg-5'
I:Actual block device: '/dev/block//sdf4', current file system: 'auto'
/usbotg-5 | /dev/block//sdf4 | Size: 0MB Used: 0MB Free: 0MB Backup Size: 0MB
   Flags: Can_Be_Mounted Can_Be_Wiped Wipe_Available_in_GUI Is_SubPartition Removable IsPresent Is_Storage 
   SubPartition_Of: /usbotg
   Primary_Block_Device: /dev/block//sdf4
   Display_Name: 存储空间 5
   Storage_Name: 存储空间 5
   Backup_Path: /usbotg-5
   Backup_Name: usbotg-5
   Backup_Display_Name: usbotg-5
   Storage_Path: /usbotg-5
   Current_File_System: auto
   Fstab_File_System: auto
   Backup_Method: files

I:Processing '/usbotg-6'
I:Created '/usbotg-6' folder.
I:Can't probe device /dev/block//sdf1
I:Unable to mount '/usbotg-6'
I:Actual block device: '/dev/block//sdf1', current file system: 'auto'
/usbotg-6 | /dev/block//sdf1 | Size: 0MB Used: 0MB Free: 0MB Backup Size: 0MB
   Flags: Can_Be_Mounted Can_Be_Wiped Wipe_Available_in_GUI Is_SubPartition Removable IsPresent Is_Storage 
   SubPartition_Of: /usbotg
   Primary_Block_Device: /dev/block//sdf1
   Display_Name: 存储空间 6
   Storage_Name: 存储空间 6
   Backup_Path: /usbotg-6
   Backup_Name: usbotg-6
   Backup_Display_Name: usbotg-6
   Storage_Path: /usbotg-6
   Current_File_System: auto
   Fstab_File_System: auto
   Backup_Method: files

I:Processing '/usbotg-7'
I:Created '/usbotg-7' folder.
I:Can't probe device /dev/block//sdf6
I:Unable to mount '/usbotg-7'
I:Actual block device: '/dev/block//sdf6', current file system: 'auto'
/usbotg-7 | /dev/block//sdf6 | Size: 0MB Used: 0MB Free: 0MB Backup Size: 0MB
   Flags: Can_Be_Mounted Can_Be_Wiped Wipe_Available_in_GUI Is_SubPartition Removable IsPresent Is_Storage 
   SubPartition_Of: /usbotg
   Primary_Block_Device: /dev/block//sdf6
   Display_Name: 存储空间 7
   Storage_Name: 存储空间 7
   Backup_Path: /usbotg-7
   Backup_Name: usbotg-7
   Backup_Display_Name: usbotg-7
   Storage_Path: /usbotg-7
   Current_File_System: auto
   Fstab_File_System: auto
   Backup_Method: files

I:Processing '/usbotg-8'
I:Created '/usbotg-8' folder.
/usbotg-8 | /dev/block//sdf8 | Size: 40MB Used: 9MB Free: 31MB Backup Size: 9MB
   Flags: Can_Be_Mounted Can_Be_Wiped Wipe_Available_in_GUI Is_SubPartition Removable IsPresent Is_Storage 
   SubPartition_Of: /usbotg
   Primary_Block_Device: /dev/block//sdf8
   Display_Name: 存储空间 8
   Storage_Name: 存储空间 8
   Backup_Path: /usbotg-8
   Backup_Name: usbotg-8
   Backup_Display_Name: usbotg-8
   Storage_Path: /usbotg-8
   Current_File_System: ext4
   Fstab_File_System: auto
   Backup_Method: files

I:Found a match 'sdd' '/devices/platform/soc/'
I:Decrypt adopted storage starting
I:PageManager::LoadFileToBuffer loading filename: '/data/system/storage.xml' directly
I:No /data/system/storage.xml for adopted storage
I:No adopted storage so finding actual block device
I:Found an additional entry for '/usbotg-1'
I:Processing '/usbotg-1'
I:Can't probe device /dev/block//sdd3
I:Unable to mount '/usbotg-1'
I:Actual block device: '/dev/block//sdd3', current file system: 'auto'
/usbotg-1 | /dev/block//sdd3 | Size: 0MB Used: 0MB Free: 0MB Backup Size: 0MB
   Flags: Can_Be_Mounted Can_Be_Wiped Wipe_Available_in_GUI Is_SubPartition Removable IsPresent Is_Storage 
   SubPartition_Of: /usbotg
   Primary_Block_Device: /dev/block//sdd3
   Display_Name: 存储空间 1
   Storage_Name: 存储空间 1
   Backup_Path: /usbotg-1
   Backup_Display_Name: usbotg-1
   Storage_Path: /usbotg-1
   Current_File_System: auto
   Fstab_File_System: auto
   Backup_Method: none

I:Found an additional entry for '/usbotg-2'
I:Processing '/usbotg-2'
I:Can't probe device /dev/block//sdd1
I:Unable to mount '/usbotg-2'
I:Actual block device: '/dev/block//sdd1', current file system: 'auto'
/usbotg-2 | /dev/block//sdd1 | Size: 0MB Used: 0MB Free: 0MB Backup Size: 0MB
   Flags: Can_Be_Mounted Can_Be_Wiped Wipe_Available_in_GUI Is_SubPartition Removable IsPresent Is_Storage 
   SubPartition_Of: /usbotg
   Primary_Block_Device: /dev/block//sdd1
   Display_Name: 存储空间 2
   Storage_Name: 存储空间 2
   Backup_Path: /usbotg-2
   Backup_Display_Name: usbotg-2
   Storage_Path: /usbotg-2
   Current_File_System: auto
   Fstab_File_System: auto
   Backup_Method: none

I:Found an additional entry for '/usbotg-3'
I:Processing '/usbotg-3'
I:Can't probe device /dev/block//sdd2
I:Unable to mount '/usbotg-3'
I:Actual block device: '/dev/block//sdd2', current file system: 'auto'
/usbotg-3 | /dev/block//sdd2 | Size: 0MB Used: 0MB Free: 0MB Backup Size: 0MB
   Flags: Can_Be_Mounted Can_Be_Wiped Wipe_Available_in_GUI Is_SubPartition Removable IsPresent Is_Storage 
   SubPartition_Of: /usbotg
   Primary_Block_Device: /dev/block//sdd2
   Display_Name: 存储空间 3
   Storage_Name: 存储空间 3
   Backup_Path: /usbotg-3
   Backup_Display_Name: usbotg-3
   Storage_Path: /usbotg-3
   Current_File_System: auto
   Fstab_File_System: auto
   Backup_Method: none

I:Found a match 'sdb' '/devices/platform/soc/'
I:Decrypt adopted storage starting
I:PageManager::LoadFileToBuffer loading filename: '/data/system/storage.xml' directly
I:No /data/system/storage.xml for adopted storage
I:No adopted storage so finding actual block device
I:Found an additional entry for '/usbotg-1'
I:Processing '/usbotg-1'
I:Can't probe device /dev/block//sdb6
I:Unable to mount '/usbotg-1'
I:Actual block device: '/dev/block//sdb6', current file system: 'auto'
/usbotg-1 | /dev/block//sdb6 | Size: 0MB Used: 0MB Free: 0MB Backup Size: 0MB
   Flags: Can_Be_Mounted Can_Be_Wiped Wipe_Available_in_GUI Is_SubPartition Removable IsPresent Is_Storage 
   SubPartition_Of: /usbotg
   Primary_Block_Device: /dev/block//sdb6
   Display_Name: 存储空间 1
   Storage_Name: 存储空间 1
   Backup_Path: /usbotg-1
   Backup_Display_Name: usbotg-1
   Storage_Path: /usbotg-1
   Current_File_System: auto
   Fstab_File_System: auto
   Backup_Method: none

I:Found an additional entry for '/usbotg-2'
I:Processing '/usbotg-2'
I:Can't probe device /dev/block//sdb4
I:Unable to mount '/usbotg-2'
I:Actual block device: '/dev/block//sdb4', current file system: 'auto'
/usbotg-2 | /dev/block//sdb4 | Size: 0MB Used: 0MB Free: 0MB Backup Size: 0MB
   Flags: Can_Be_Mounted Can_Be_Wiped Wipe_Available_in_GUI Is_SubPartition Removable IsPresent Is_Storage 
   SubPartition_Of: /usbotg
   Primary_Block_Device: /dev/block//sdb4
   Display_Name: 存储空间 2
   Storage_Name: 存储空间 2
   Backup_Path: /usbotg-2
   Backup_Display_Name: usbotg-2
   Storage_Path: /usbotg-2
   Current_File_System: auto
   Fstab_File_System: auto
   Backup_Method: none

I:Found an additional entry for '/usbotg-3'
I:Processing '/usbotg-3'
I:Can't probe device /dev/block//sdb8
I:Unable to mount '/usbotg-3'
I:Actual block device: '/dev/block//sdb8', current file system: 'auto'
/usbotg-3 | /dev/block//sdb8 | Size: 0MB Used: 0MB Free: 0MB Backup Size: 0MB
   Flags: Can_Be_Mounted Can_Be_Wiped Wipe_Available_in_GUI Is_SubPartition Removable IsPresent Is_Storage 
   SubPartition_Of: /usbotg
   Primary_Block_Device: /dev/block//sdb8
   Display_Name: 存储空间 3
   Storage_Name: 存储空间 3
   Backup_Path: /usbotg-3
   Backup_Display_Name: usbotg-3
   Storage_Path: /usbotg-3
   Current_File_System: auto
   Fstab_File_System: auto
   Backup_Method: none

I:Found an additional entry for '/usbotg-4'
I:Processing '/usbotg-4'
I:Can't probe device /dev/block//sdb2
I:Unable to mount '/usbotg-4'
I:Actual block device: '/dev/block//sdb2', current file system: 'auto'
/usbotg-4 | /dev/block//sdb2 | Size: 0MB Used: 0MB Free: 0MB Backup Size: 0MB
   Flags: Can_Be_Mounted Can_Be_Wiped Wipe_Available_in_GUI Is_SubPartition Removable IsPresent Is_Storage 
   SubPartition_Of: /usbotg
   Primary_Block_Device: /dev/block//sdb2
   Display_Name: 存储空间 4
   Storage_Name: 存储空间 4
   Backup_Path: /usbotg-4
   Backup_Display_Name: usbotg-4
   Storage_Path: /usbotg-4
   Current_File_System: auto
   Fstab_File_System: auto
   Backup_Method: none

I:Found an additional entry for '/usbotg-5'
I:Processing '/usbotg-5'
I:Can't probe device /dev/block//sdb7
I:Unable to mount '/usbotg-5'
I:Actual block device: '/dev/block//sdb7', current file system: 'auto'
/usbotg-5 | /dev/block//sdb7 | Size: 0MB Used: 0MB Free: 0MB Backup Size: 0MB
   Flags: Can_Be_Mounted Can_Be_Wiped Wipe_Available_in_GUI Is_SubPartition Removable IsPresent Is_Storage 
   SubPartition_Of: /usbotg
   Primary_Block_Device: /dev/block//sdb7
   Display_Name: 存储空间 5
   Storage_Name: 存储空间 5
   Backup_Path: /usbotg-5
   Backup_Display_Name: usbotg-5
   Storage_Path: /usbotg-5
   Current_File_System: auto
   Fstab_File_System: auto
   Backup_Method: none

I:Found an additional entry for '/usbotg-6'
I:Processing '/usbotg-6'
I:Can't probe device /dev/block//sdb1
I:Unable to mount '/usbotg-6'
I:Actual block device: '/dev/block//sdb1', current file system: 'auto'
/usbotg-6 | /dev/block//sdb1 | Size: 0MB Used: 0MB Free: 0MB Backup Size: 0MB
   Flags: Can_Be_Mounted Can_Be_Wiped Wipe_Available_in_GUI Is_SubPartition Removable IsPresent Is_Storage 
   SubPartition_Of: /usbotg
   Primary_Block_Device: /dev/block//sdb1
   Display_Name: 存储空间 6
   Storage_Name: 存储空间 6
   Backup_Path: /usbotg-6
   Backup_Display_Name: usbotg-6
   Storage_Path: /usbotg-6
   Current_File_System: auto
   Fstab_File_System: auto
   Backup_Method: none

I:Found an additional entry for '/usbotg-7'
I:Processing '/usbotg-7'
I:Can't probe device /dev/block//sdb9
I:Unable to mount '/usbotg-7'
I:Actual block device: '/dev/block//sdb9', current file system: 'auto'
/usbotg-7 | /dev/block//sdb9 | Size: 0MB Used: 0MB Free: 0MB Backup Size: 0MB
   Flags: Can_Be_Mounted Can_Be_Wiped Wipe_Available_in_GUI Is_SubPartition Removable IsPresent Is_Storage 
   SubPartition_Of: /usbotg
   Primary_Block_Device: /dev/block//sdb9
   Display_Name: 存储空间 7
   Storage_Name: 存储空间 7
   Backup_Path: /usbotg-7
   Backup_Display_Name: usbotg-7
   Storage_Path: /usbotg-7
   Current_File_System: auto
   Fstab_File_System: auto
   Backup_Method: none

I:Found an additional entry for '/usbotg-8'
I:Processing '/usbotg-8'
I:Can't probe device /dev/block//sdb5
I:Unable to mount '/usbotg-8'
I:Actual block device: '/dev/block//sdb5', current file system: 'auto'
/usbotg-8 | /dev/block//sdb5 | Size: 0MB Used: 0MB Free: 0MB Backup Size: 0MB
   Flags: Can_Be_Mounted Can_Be_Wiped Wipe_Available_in_GUI Is_SubPartition Removable IsPresent Is_Storage 
   SubPartition_Of: /usbotg
   Primary_Block_Device: /dev/block//sdb5
   Display_Name: 存储空间 8
   Storage_Name: 存储空间 8
   Backup_Path: /usbotg-8
   Backup_Display_Name: usbotg-8
   Storage_Path: /usbotg-8
   Current_File_System: auto
   Fstab_File_System: auto
   Backup_Method: none

I:Processing '/usbotg-9'
I:Created '/usbotg-9' folder.
I:Can't probe device /dev/block//sdb3
I:Unable to mount '/usbotg-9'
I:Actual block device: '/dev/block//sdb3', current file system: 'auto'
/usbotg-9 | /dev/block//sdb3 | Size: 0MB Used: 0MB Free: 0MB Backup Size: 0MB
   Flags: Can_Be_Mounted Can_Be_Wiped Wipe_Available_in_GUI Is_SubPartition Removable IsPresent Is_Storage 
   SubPartition_Of: /usbotg
   Primary_Block_Device: /dev/block//sdb3
   Display_Name: 存储空间 9
   Storage_Name: 存储空间 9
   Backup_Path: /usbotg-9
   Backup_Name: usbotg-9
   Backup_Display_Name: usbotg-9
   Storage_Path: /usbotg-9
   Current_File_System: auto
   Fstab_File_System: auto
   Backup_Method: files

I:Found a match 'sde' '/devices/platform/soc/'
I:Decrypt adopted storage starting
I:PageManager::LoadFileToBuffer loading filename: '/data/system/storage.xml' directly
I:No /data/system/storage.xml for adopted storage
I:No adopted storage so finding actual block device
I:Found an additional entry for '/usbotg-1'
I:Processing '/usbotg-1'
I:Can't probe device /dev/block//sde70
I:Unable to mount '/usbotg-1'
I:Actual block device: '/dev/block//sde70', current file system: 'auto'
/usbotg-1 | /dev/block//sde70 | Size: 0MB Used: 0MB Free: 0MB Backup Size: 0MB
   Flags: Can_Be_Mounted Can_Be_Wiped Wipe_Available_in_GUI Is_SubPartition Removable IsPresent Is_Storage 
   SubPartition_Of: /usbotg
   Primary_Block_Device: /dev/block//sde70
   Display_Name: 存储空间 1
   Storage_Name: 存储空间 1
   Backup_Path: /usbotg-1
   Backup_Display_Name: usbotg-1
   Storage_Path: /usbotg-1
   Current_File_System: auto
   Fstab_File_System: auto
   Backup_Method: none

I:Found an additional entry for '/usbotg-2'
I:Processing '/usbotg-2'
I:Can't probe device /dev/block//sde62
I:Unable to mount '/usbotg-2'
I:Actual block device: '/dev/block//sde62', current file system: 'auto'
/usbotg-2 | /dev/block//sde62 | Size: 0MB Used: 0MB Free: 0MB Backup Size: 0MB
   Flags: Can_Be_Mounted Can_Be_Wiped Wipe_Available_in_GUI Is_SubPartition Removable IsPresent Is_Storage 
   SubPartition_Of: /usbotg
   Primary_Block_Device: /dev/block//sde62
   Display_Name: 存储空间 2
   Storage_Name: 存储空间 2
   Backup_Path: /usbotg-2
   Backup_Display_Name: usbotg-2
   Storage_Path: /usbotg-2
   Current_File_System: auto
   Fstab_File_System: auto
   Backup_Method: none

I:Found an additional entry for '/usbotg-3'
I:Processing '/usbotg-3'
I:Can't probe device /dev/block//sde42
I:Unable to mount '/usbotg-3'
I:Actual block device: '/dev/block//sde42', current file system: 'auto'
/usbotg-3 | /dev/block//sde42 | Size: 0MB Used: 0MB Free: 0MB Backup Size: 0MB
   Flags: Can_Be_Mounted Can_Be_Wiped Wipe_Available_in_GUI Is_SubPartition Removable IsPresent Is_Storage 
   SubPartition_Of: /usbotg
   Primary_Block_Device: /dev/block//sde42
   Display_Name: 存储空间 3
   Storage_Name: 存储空间 3
   Backup_Path: /usbotg-3
   Backup_Display_Name: usbotg-3
   Storage_Path: /usbotg-3
   Current_File_System: auto
   Fstab_File_System: auto
   Backup_Method: none

I:Found an additional entry for '/usbotg-4'
I:Processing '/usbotg-4'
I:Can't probe device /dev/block//sde92
I:Unable to mount '/usbotg-4'
I:Actual block device: '/dev/block//sde92', current file system: 'auto'
/usbotg-4 | /dev/block//sde92 | Size: 0MB Used: 0MB Free: 0MB Backup Size: 0MB
   Flags: Can_Be_Mounted Can_Be_Wiped Wipe_Available_in_GUI Is_SubPartition Removable IsPresent Is_Storage 
   SubPartition_Of: /usbotg
   Primary_Block_Device: /dev/block//sde92
   Display_Name: 存储空间 4
   Storage_Name: 存储空间 4
   Backup_Path: /usbotg-4
   Backup_Display_Name: usbotg-4
   Storage_Path: /usbotg-4
   Current_File_System: auto
   Fstab_File_System: auto
   Backup_Method: none

I:Found an additional entry for '/usbotg-5'
I:Processing '/usbotg-5'
I:Can't probe device /dev/block//sde34
I:Unable to mount '/usbotg-5'
I:Actual block device: '/dev/block//sde34', current file system: 'auto'
/usbotg-5 | /dev/block//sde34 | Size: 0MB Used: 0MB Free: 0MB Backup Size: 0MB
   Flags: Can_Be_Mounted Can_Be_Wiped Wipe_Available_in_GUI Is_SubPartition Removable IsPresent Is_Storage 
   SubPartition_Of: /usbotg
   Primary_Block_Device: /dev/block//sde34
   Display_Name: 存储空间 5
   Storage_Name: 存储空间 5
   Backup_Path: /usbotg-5
   Backup_Display_Name: usbotg-5
   Storage_Path: /usbotg-5
   Current_File_System: auto
   Fstab_File_System: auto
   Backup_Method: none

I:Found an additional entry for '/usbotg-6'
I:Processing '/usbotg-6'
I:Can't probe device /dev/block//sde4
I:Unable to mount '/usbotg-6'
I:Actual block device: '/dev/block//sde4', current file system: 'auto'
/usbotg-6 | /dev/block//sde4 | Size: 0MB Used: 0MB Free: 0MB Backup Size: 0MB
   Flags: Can_Be_Mounted Can_Be_Wiped Wipe_Available_in_GUI Is_SubPartition Removable IsPresent Is_Storage 
   SubPartition_Of: /usbotg
   Primary_Block_Device: /dev/block//sde4
   Display_Name: 存储空间 6
   Storage_Name: 存储空间 6
   Backup_Path: /usbotg-6
   Backup_Display_Name: usbotg-6
   Storage_Path: /usbotg-6
   Current_File_System: auto
   Fstab_File_System: auto
   Backup_Method: none

I:Found an additional entry for '/usbotg-7'
I:Processing '/usbotg-7'
I:Can't probe device /dev/block//sde24
I:Unable to mount '/usbotg-7'
I:Actual block device: '/dev/block//sde24', current file system: 'auto'
/usbotg-7 | /dev/block//sde24 | Size: 0MB Used: 0MB Free: 0MB Backup Size: 0MB
   Flags: Can_Be_Mounted Can_Be_Wiped Wipe_Available_in_GUI Is_SubPartition Removable IsPresent Is_Storage 
   SubPartition_Of: /usbotg
   Primary_Block_Device: /dev/block//sde24
   Display_Name: 存储空间 7
   Storage_Name: 存储空间 7
   Backup_Path: /usbotg-7
   Backup_Display_Name: usbotg-7
   Storage_Path: /usbotg-7
   Current_File_System: auto
   Fstab_File_System: auto
   Backup_Method: none

I:Found an additional entry for '/usbotg-8'
I:Processing '/usbotg-8'
I:Can't probe device /dev/block//sde14
I:Unable to mount '/usbotg-8'
I:Actual block device: '/dev/block//sde14', current file system: 'auto'
/usbotg-8 | /dev/block//sde14 | Size: 0MB Used: 0MB Free: 0MB Backup Size: 0MB
   Flags: Can_Be_Mounted Can_Be_Wiped Wipe_Available_in_GUI Is_SubPartition Removable IsPresent Is_Storage 
   SubPartition_Of: /usbotg
   Primary_Block_Device: /dev/block//sde14
   Display_Name: 存储空间 8
   Storage_Name: 存储空间 8
   Backup_Path: /usbotg-8
   Backup_Display_Name: usbotg-8
   Storage_Path: /usbotg-8
   Current_File_System: auto
   Fstab_File_System: auto
   Backup_Method: none

I:Found an additional entry for '/usbotg-9'
I:Processing '/usbotg-9'
I:Can't probe device /dev/block//sde56
I:Unable to mount '/usbotg-9'
I:Actual block device: '/dev/block//sde56', current file system: 'auto'
/usbotg-9 | /dev/block//sde56 | Size: 0MB Used: 0MB Free: 0MB Backup Size: 0MB
   Flags: Can_Be_Mounted Can_Be_Wiped Wipe_Available_in_GUI Is_SubPartition Removable IsPresent Is_Storage 
   SubPartition_Of: /usbotg
   Primary_Block_Device: /dev/block//sde56
   Display_Name: 存储空间 9
   Storage_Name: 存储空间 9
   Backup_Path: /usbotg-9
   Backup_Display_Name: usbotg-9
   Storage_Path: /usbotg-9
   Current_File_System: auto
   Fstab_File_System: auto
   Backup_Method: none

I:Processing '/usbotg-10'
I:Created '/usbotg-10' folder.
I:Can't probe device /dev/block//sde6
I:Unable to mount '/usbotg-10'
I:Actual block device: '/dev/block//sde6', current file system: 'auto'
/usbotg-10 | /dev/block//sde6 | Size: 0MB Used: 0MB Free: 0MB Backup Size: 0MB
   Flags: Can_Be_Mounted Can_Be_Wiped Wipe_Available_in_GUI Is_SubPartition Removable IsPresent Is_Storage 
   SubPartition_Of: /usbotg
   Primary_Block_Device: /dev/block//sde6
   Display_Name: 存储空间 10
   Storage_Name: 存储空间 10
   Backup_Path: /usbotg-10
   Backup_Name: usbotg-10
   Backup_Display_Name: usbotg-10
   Storage_Path: /usbotg-10
   Current_File_System: auto
   Fstab_File_System: auto
   Backup_Method: files

I:Processing '/usbotg-11'
I:Created '/usbotg-11' folder.
/usbotg-11 | /dev/block//sde26 | Size: 29MB Used: 3MB Free: 26MB Backup Size: 3MB
   Flags: Can_Be_Mounted Can_Be_Wiped Wipe_Available_in_GUI Is_SubPartition Removable IsPresent Is_Storage 
   SubPartition_Of: /usbotg
   Primary_Block_Device: /dev/block//sde26
   Display_Name: 存储空间 11
   Storage_Name: 存储空间 11
   Backup_Path: /usbotg-11
   Backup_Name: usbotg-11
   Backup_Display_Name: usbotg-11
   Storage_Path: /usbotg-11
   Current_File_System: vfat
   Fstab_File_System: auto
   Backup_Method: files

I:Processing '/usbotg-12'
I:Created '/usbotg-12' folder.
I:Can't probe device /dev/block//sde90
I:Unable to mount '/usbotg-12'
I:Actual block device: '/dev/block//sde90', current file system: 'auto'
/usbotg-12 | /dev/block//sde90 | Size: 0MB Used: 0MB Free: 0MB Backup Size: 0MB
   Flags: Can_Be_Mounted Can_Be_Wiped Wipe_Available_in_GUI Is_SubPartition Removable IsPresent Is_Storage 
   SubPartition_Of: /usbotg
   Primary_Block_Device: /dev/block//sde90
   Display_Name: 存储空间 12
   Storage_Name: 存储空间 12
   Backup_Path: /usbotg-12
   Backup_Name: usbotg-12
   Backup_Display_Name: usbotg-12
   Storage_Path: /usbotg-12
   Current_File_System: auto
   Fstab_File_System: auto
   Backup_Method: files

I:Processing '/usbotg-13'
I:Created '/usbotg-13' folder.
/usbotg-13 | /dev/block//sde82 | Size: 7MB Used: 0MB Free: 7MB Backup Size: 0MB
   Flags: Can_Be_Mounted Can_Be_Wiped Wipe_Available_in_GUI Is_SubPartition Removable IsPresent Is_Storage 
   SubPartition_Of: /usbotg
   Primary_Block_Device: /dev/block//sde82
   Display_Name: 存储空间 13
   Storage_Name: 存储空间 13
   Backup_Path: /usbotg-13
   Backup_Name: usbotg-13
   Backup_Display_Name: usbotg-13
   Storage_Path: /usbotg-13
   Current_File_System: vfat
   Fstab_File_System: auto
   Backup_Method: files

I:Processing '/usbotg-14'
I:Created '/usbotg-14' folder.
I:Can't probe device /dev/block//sde72
I:Unable to mount '/usbotg-14'
I:Actual block device: '/dev/block//sde72', current file system: 'auto'
/usbotg-14 | /dev/block//sde72 | Size: 0MB Used: 0MB Free: 0MB Backup Size: 0MB
   Flags: Can_Be_Mounted Can_Be_Wiped Wipe_Available_in_GUI Is_SubPartition Removable IsPresent Is_Storage 
   SubPartition_Of: /usbotg
   Primary_Block_Device: /dev/block//sde72
   Display_Name: 存储空间 14
   Storage_Name: 存储空间 14
   Backup_Path: /usbotg-14
   Backup_Name: usbotg-14
   Backup_Display_Name: usbotg-14
   Storage_Path: /usbotg-14
   Current_File_System: auto
   Fstab_File_System: auto
   Backup_Method: files

I:Processing '/usbotg-15'
I:Created '/usbotg-15' folder.
I:Can't probe device /dev/block//sde86
I:Unable to mount '/usbotg-15'
I:Actual block device: '/dev/block//sde86', current file system: 'auto'
/usbotg-15 | /dev/block//sde86 | Size: 0MB Used: 0MB Free: 0MB Backup Size: 0MB
   Flags: Can_Be_Mounted Can_Be_Wiped Wipe_Available_in_GUI Is_SubPartition Removable IsPresent Is_Storage 
   SubPartition_Of: /usbotg
   Primary_Block_Device: /dev/block//sde86
   Display_Name: 存储空间 15
   Storage_Name: 存储空间 15
   Backup_Path: /usbotg-15
   Backup_Name: usbotg-15
   Backup_Display_Name: usbotg-15
   Storage_Path: /usbotg-15
   Current_File_System: auto
   Fstab_File_System: auto
   Backup_Method: files

I:Processing '/usbotg-16'
I:Created '/usbotg-16' folder.
I:Can't probe device /dev/block//sde28
I:Unable to mount '/usbotg-16'
I:Actual block device: '/dev/block//sde28', current file system: 'auto'
/usbotg-16 | /dev/block//sde28 | Size: 0MB Used: 0MB Free: 0MB Backup Size: 0MB
   Flags: Can_Be_Mounted Can_Be_Wiped Wipe_Available_in_GUI Is_SubPartition Removable IsPresent Is_Storage 
   SubPartition_Of: /usbotg
   Primary_Block_Device: /dev/block//sde28
   Display_Name: 存储空间 16
   Storage_Name: 存储空间 16
   Backup_Path: /usbotg-16
   Backup_Name: usbotg-16
   Backup_Display_Name: usbotg-16
   Storage_Path: /usbotg-16
   Current_File_System: auto
   Fstab_File_System: auto
   Backup_Method: files

I:Processing '/usbotg-17'
I:Created '/usbotg-17' folder.
I:Can't probe device /dev/block//sde84
I:Unable to mount '/usbotg-17'
I:Actual block device: '/dev/block//sde84', current file system: 'auto'
/usbotg-17 | /dev/block//sde84 | Size: 0MB Used: 0MB Free: 0MB Backup Size: 0MB
   Flags: Can_Be_Mounted Can_Be_Wiped Wipe_Available_in_GUI Is_SubPartition Removable IsPresent Is_Storage 
   SubPartition_Of: /usbotg
   Primary_Block_Device: /dev/block//sde84
   Display_Name: 存储空间 17
   Storage_Name: 存储空间 17
   Backup_Path: /usbotg-17
   Backup_Name: usbotg-17
   Backup_Display_Name: usbotg-17
   Storage_Path: /usbotg-17
   Current_File_System: auto
   Fstab_File_System: auto
   Backup_Method: files

I:Processing '/usbotg-18'
I:Created '/usbotg-18' folder.
/usbotg-18 | /dev/block//sde54 | Size: 68MB Used: 59MB Free: 9MB Backup Size: 59MB
   Flags: Can_Be_Mounted Can_Be_Wiped Wipe_Available_in_GUI Is_SubPartition Removable IsPresent Is_Storage 
   SubPartition_Of: /usbotg
   Primary_Block_Device: /dev/block//sde54
   Display_Name: 存储空间 18
   Storage_Name: 存储空间 18
   Backup_Path: /usbotg-18
   Backup_Name: usbotg-18
   Backup_Display_Name: usbotg-18
   Storage_Path: /usbotg-18
   Current_File_System: ext4
   Fstab_File_System: auto
   Backup_Method: files

I:Processing '/usbotg-19'
I:Created '/usbotg-19' folder.
I:Can't probe device /dev/block//sde46
I:Unable to mount '/usbotg-19'
I:Actual block device: '/dev/block//sde46', current file system: 'auto'
/usbotg-19 | /dev/block//sde46 | Size: 0MB Used: 0MB Free: 0MB Backup Size: 0MB
   Flags: Can_Be_Mounted Can_Be_Wiped Wipe_Available_in_GUI Is_SubPartition Removable IsPresent Is_Storage 
   SubPartition_Of: /usbotg
   Primary_Block_Device: /dev/block//sde46
   Display_Name: 存储空间 19
   Storage_Name: 存储空间 19
   Backup_Path: /usbotg-19
   Backup_Name: usbotg-19
   Backup_Display_Name: usbotg-19
   Storage_Path: /usbotg-19
   Current_File_System: auto
   Fstab_File_System: auto
   Backup_Method: files

I:Processing '/usbotg-20'
I:Created '/usbotg-20' folder.
I:Can't probe device /dev/block//sde64
I:Unable to mount '/usbotg-20'
I:Actual block device: '/dev/block//sde64', current file system: 'auto'
/usbotg-20 | /dev/block//sde64 | Size: 0MB Used: 0MB Free: 0MB Backup Size: 0MB
   Flags: Can_Be_Mounted Can_Be_Wiped Wipe_Available_in_GUI Is_SubPartition Removable IsPresent Is_Storage 
   SubPartition_Of: /usbotg
   Primary_Block_Device: /dev/block//sde64
   Display_Name: 存储空间 20
   Storage_Name: 存储空间 20
   Backup_Path: /usbotg-20
   Backup_Name: usbotg-20
   Backup_Display_Name: usbotg-20
   Storage_Path: /usbotg-20
   Current_File_System: auto
   Fstab_File_System: auto
   Backup_Method: files

I:Processing '/usbotg-21'
I:Created '/usbotg-21' folder.
I:Can't probe device /dev/block//sde1
I:Unable to mount '/usbotg-21'
I:Actual block device: '/dev/block//sde1', current file system: 'auto'
/usbotg-21 | /dev/block//sde1 | Size: 0MB Used: 0MB Free: 0MB Backup Size: 0MB
   Flags: Can_Be_Mounted Can_Be_Wiped Wipe_Available_in_GUI Is_SubPartition Removable IsPresent Is_Storage 
   SubPartition_Of: /usbotg
   Primary_Block_Device: /dev/block//sde1
   Display_Name: 存储空间 21
   Storage_Name: 存储空间 21
   Backup_Path: /usbotg-21
   Backup_Name: usbotg-21
   Backup_Display_Name: usbotg-21
   Storage_Path: /usbotg-21
   Current_File_System: auto
   Fstab_File_System: auto
   Backup_Method: files

I:Processing '/usbotg-22'
I:Created '/usbotg-22' folder.
I:Can't probe device /dev/block//sde58
I:Unable to mount '/usbotg-22'
I:Actual block device: '/dev/block//sde58', current file system: 'auto'
/usbotg-22 | /dev/block//sde58 | Size: 0MB Used: 0MB Free: 0MB Backup Size: 0MB
   Flags: Can_Be_Mounted Can_Be_Wiped Wipe_Available_in_GUI Is_SubPartition Removable IsPresent Is_Storage 
   SubPartition_Of: /usbotg
   Primary_Block_Device: /dev/block//sde58
   Display_Name: 存储空间 22
   Storage_Name: 存储空间 22
   Backup_Path: /usbotg-22
   Backup_Name: usbotg-22
   Backup_Display_Name: usbotg-22
   Storage_Path: /usbotg-22
   Current_File_System: auto
   Fstab_File_System: auto
   Backup_Method: files

I:Processing '/usbotg-23'
I:Created '/usbotg-23' folder.
I:Can't probe device /dev/block//sde48
I:Unable to mount '/usbotg-23'
I:Actual block device: '/dev/block//sde48', current file system: 'auto'
/usbotg-23 | /dev/block//sde48 | Size: 0MB Used: 0MB Free: 0MB Backup Size: 0MB
   Flags: Can_Be_Mounted Can_Be_Wiped Wipe_Available_in_GUI Is_SubPartition Removable IsPresent Is_Storage 
   SubPartition_Of: /usbotg
   Primary_Block_Device: /dev/block//sde48
   Display_Name: 存储空间 23
   Storage_Name: 存储空间 23
   Backup_Path: /usbotg-23
   Backup_Name: usbotg-23
   Backup_Display_Name: usbotg-23
   Storage_Path: /usbotg-23
   Current_File_System: auto
   Fstab_File_System: auto
   Backup_Method: files

I:Processing '/usbotg-24'
I:Created '/usbotg-24' folder.
I:Can't probe device /dev/block//sde18
I:Unable to mount '/usbotg-24'
I:Actual block device: '/dev/block//sde18', current file system: 'auto'
/usbotg-24 | /dev/block//sde18 | Size: 0MB Used: 0MB Free: 0MB Backup Size: 0MB
   Flags: Can_Be_Mounted Can_Be_Wiped Wipe_Available_in_GUI Is_SubPartition Removable IsPresent Is_Storage 
   SubPartition_Of: /usbotg
   Primary_Block_Device: /dev/block//sde18
   Display_Name: 存储空间 24
   Storage_Name: 存储空间 24
   Backup_Path: /usbotg-24
   Backup_Name: usbotg-24
   Backup_Display_Name: usbotg-24
   Storage_Path: /usbotg-24
   Current_File_System: auto
   Fstab_File_System: auto
   Backup_Method: files

I:Processing '/usbotg-25'
I:Created '/usbotg-25' folder.
I:Can't probe device /dev/block//sde38
I:Unable to mount '/usbotg-25'
I:Actual block device: '/dev/block//sde38', current file system: 'auto'
/usbotg-25 | /dev/block//sde38 | Size: 0MB Used: 0MB Free: 0MB Backup Size: 0MB
   Flags: Can_Be_Mounted Can_Be_Wiped Wipe_Available_in_GUI Is_SubPartition Removable IsPresent Is_Storage 
   SubPartition_Of: /usbotg
   Primary_Block_Device: /dev/block//sde38
   Display_Name: 存储空间 25
   Storage_Name: 存储空间 25
   Backup_Path: /usbotg-25
   Backup_Name: usbotg-25
   Backup_Display_Name: usbotg-25
   Storage_Path: /usbotg-25
   Current_File_System: auto
   Fstab_File_System: auto
   Backup_Method: files

I:Processing '/usbotg-26'
I:Created '/usbotg-26' folder.
I:Can't probe device /dev/block//sde94
I:Unable to mount '/usbotg-26'
I:Actual block device: '/dev/block//sde94', current file system: 'auto'
/usbotg-26 | /dev/block//sde94 | Size: 0MB Used: 0MB Free: 0MB Backup Size: 0MB
   Flags: Can_Be_Mounted Can_Be_Wiped Wipe_Available_in_GUI Is_SubPartition Removable IsPresent Is_Storage 
   SubPartition_Of: /usbotg
   Primary_Block_Device: /dev/block//sde94
   Display_Name: 存储空间 26
   Storage_Name: 存储空间 26
   Backup_Path: /usbotg-26
   Backup_Name: usbotg-26
   Backup_Display_Name: usbotg-26
   Storage_Path: /usbotg-26
   Current_File_System: auto
   Fstab_File_System: auto
   Backup_Method: files

I:Processing '/usbotg-27'
I:Created '/usbotg-27' folder.
I:Can't probe device /dev/block//sde61
I:Unable to mount '/usbotg-27'
I:Actual block device: '/dev/block//sde61', current file system: 'auto'
/usbotg-27 | /dev/block//sde61 | Size: 0MB Used: 0MB Free: 0MB Backup Size: 0MB
   Flags: Can_Be_Mounted Can_Be_Wiped Wipe_Available_in_GUI Is_SubPartition Removable IsPresent Is_Storage 
   SubPartition_Of: /usbotg
   Primary_Block_Device: /dev/block//sde61
   Display_Name: 存储空间 27
   Storage_Name: 存储空间 27
   Backup_Path: /usbotg-27
   Backup_Name: usbotg-27
   Backup_Display_Name: usbotg-27
   Storage_Path: /usbotg-27
   Current_File_System: auto
   Fstab_File_System: auto
   Backup_Method: files

I:Processing '/usbotg-28'
I:Created '/usbotg-28' folder.
I:Can't probe device /dev/block//sde31
I:Unable to mount '/usbotg-28'
I:Actual block device: '/dev/block//sde31', current file system: 'auto'
/usbotg-28 | /dev/block//sde31 | Size: 0MB Used: 0MB Free: 0MB Backup Size: 0MB
   Flags: Can_Be_Mounted Can_Be_Wiped Wipe_Available_in_GUI Is_SubPartition Removable IsPresent Is_Storage 
   SubPartition_Of: /usbotg
   Primary_Block_Device: /dev/block//sde31
   Display_Name: 存储空间 28
   Storage_Name: 存储空间 28
   Backup_Path: /usbotg-28
   Backup_Name: usbotg-28
   Backup_Display_Name: usbotg-28
   Storage_Path: /usbotg-28
   Current_File_System: auto
   Fstab_File_System: auto
   Backup_Method: files

I:Processing '/usbotg-29'
I:Created '/usbotg-29' folder.
I:Can't probe device /dev/block//sde88
I:Unable to mount '/usbotg-29'
I:Actual block device: '/dev/block//sde88', current file system: 'auto'
/usbotg-29 | /dev/block//sde88 | Size: 0MB Used: 0MB Free: 0MB Backup Size: 0MB
   Flags: Can_Be_Mounted Can_Be_Wiped Wipe_Available_in_GUI Is_SubPartition Removable IsPresent Is_Storage 
   SubPartition_Of: /usbotg
   Primary_Block_Device: /dev/block//sde88
   Display_Name: 存储空间 29
   Storage_Name: 存储空间 29
   Backup_Path: /usbotg-29
   Backup_Name: usbotg-29
   Backup_Display_Name: usbotg-29
   Storage_Path: /usbotg-29
   Current_File_System: auto
   Fstab_File_System: auto
   Backup_Method: files

I:Processing '/usbotg-30'
I:Created '/usbotg-30' folder.
I:Can't probe device /dev/block//sde76
I:Unable to mount '/usbotg-30'
I:Actual block device: '/dev/block//sde76', current file system: 'auto'
/usbotg-30 | /dev/block//sde76 | Size: 0MB Used: 0MB Free: 0MB Backup Size: 0MB
   Flags: Can_Be_Mounted Can_Be_Wiped Wipe_Available_in_GUI Is_SubPartition Removable IsPresent Is_Storage 
   SubPartition_Of: /usbotg
   Primary_Block_Device: /dev/block//sde76
   Display_Name: 存储空间 30
   Storage_Name: 存储空间 30
   Backup_Path: /usbotg-30
   Backup_Name: usbotg-30
   Backup_Display_Name: usbotg-30
   Storage_Path: /usbotg-30
   Current_File_System: auto
   Fstab_File_System: auto
   Backup_Method: files

I:Processing '/usbotg-31'
I:Created '/usbotg-31' folder.
I:Can't probe device /dev/block//sde78
I:Unable to mount '/usbotg-31'
I:Actual block device: '/dev/block//sde78', current file system: 'auto'
/usbotg-31 | /dev/block//sde78 | Size: 0MB Used: 0MB Free: 0MB Backup Size: 0MB
   Flags: Can_Be_Mounted Can_Be_Wiped Wipe_Available_in_GUI Is_SubPartition Removable IsPresent Is_Storage 
   SubPartition_Of: /usbotg
   Primary_Block_Device: /dev/block//sde78
   Display_Name: 存储空间 31
   Storage_Name: 存储空间 31
   Backup_Path: /usbotg-31
   Backup_Name: usbotg-31
   Backup_Display_Name: usbotg-31
   Storage_Path: /usbotg-31
   Current_File_System: auto
   Fstab_File_System: auto
   Backup_Method: files

I:Processing '/usbotg-32'
I:Created '/usbotg-32' folder.
I:Can't probe device /dev/block//sde96
I:Unable to mount '/usbotg-32'
I:Actual block device: '/dev/block//sde96', current file system: 'auto'
/usbotg-32 | /dev/block//sde96 | Size: 0MB Used: 0MB Free: 0MB Backup Size: 0MB
   Flags: Can_Be_Mounted Can_Be_Wiped Wipe_Available_in_GUI Is_SubPartition Removable IsPresent Is_Storage 
   SubPartition_Of: /usbotg
   Primary_Block_Device: /dev/block//sde96
   Display_Name: 存储空间 32
   Storage_Name: 存储空间 32
   Backup_Path: /usbotg-32
   Backup_Name: usbotg-32
   Backup_Display_Name: usbotg-32
   Storage_Path: /usbotg-32
   Current_File_System: auto
   Fstab_File_System: auto
   Backup_Method: files

I:Processing '/usbotg-33'
I:Created '/usbotg-33' folder.
I:Can't probe device /dev/block//sde91
I:Unable to mount '/usbotg-33'
I:Actual block device: '/dev/block//sde91', current file system: 'auto'
/usbotg-33 | /dev/block//sde91 | Size: 0MB Used: 0MB Free: 0MB Backup Size: 0MB
   Flags: Can_Be_Mounted Can_Be_Wiped Wipe_Available_in_GUI Is_SubPartition Removable IsPresent Is_Storage 
   SubPartition_Of: /usbotg
   Primary_Block_Device: /dev/block//sde91
   Display_Name: 存储空间 33
   Storage_Name: 存储空间 33
   Backup_Path: /usbotg-33
   Backup_Name: usbotg-33
   Backup_Display_Name: usbotg-33
   Storage_Path: /usbotg-33
   Current_File_System: auto
   Fstab_File_System: auto
   Backup_Method: files

I:Processing '/usbotg-34'
I:Created '/usbotg-34' folder.
/usbotg-34 | /dev/block//sde33 | Size: 7MB Used: 1MB Free: 5MB Backup Size: 1MB
   Flags: Can_Be_Mounted Can_Be_Wiped Wipe_Available_in_GUI Is_SubPartition Removable IsPresent Is_Storage 
   SubPartition_Of: /usbotg
   Primary_Block_Device: /dev/block//sde33
   Display_Name: 存储空间 34
   Storage_Name: 存储空间 34
   Backup_Path: /usbotg-34
   Backup_Name: usbotg-34
   Backup_Display_Name: usbotg-34
   Storage_Path: /usbotg-34
   Current_File_System: vfat
   Fstab_File_System: auto
   Backup_Method: files

I:Processing '/usbotg-35'
I:Created '/usbotg-35' folder.
I:Can't probe device /dev/block//sde3
I:Unable to mount '/usbotg-35'
I:Actual block device: '/dev/block//sde3', current file system: 'auto'
/usbotg-35 | /dev/block//sde3 | Size: 0MB Used: 0MB Free: 0MB Backup Size: 0MB
   Flags: Can_Be_Mounted Can_Be_Wiped Wipe_Available_in_GUI Is_SubPartition Removable IsPresent Is_Storage 
   SubPartition_Of: /usbotg
   Primary_Block_Device: /dev/block//sde3
   Display_Name: 存储空间 35
   Storage_Name: 存储空间 35
   Backup_Path: /usbotg-35
   Backup_Name: usbotg-35
   Backup_Display_Name: usbotg-35
   Storage_Path: /usbotg-35
   Current_File_System: auto
   Fstab_File_System: auto
   Backup_Method: files

I:Processing '/usbotg-36'
I:Created '/usbotg-36' folder.
I:Can't probe device /dev/block//sde21
I:Unable to mount '/usbotg-36'
I:Actual block device: '/dev/block//sde21', current file system: 'auto'
/usbotg-36 | /dev/block//sde21 | Size: 0MB Used: 0MB Free: 0MB Backup Size: 0MB
   Flags: Can_Be_Mounted Can_Be_Wiped Wipe_Available_in_GUI Is_SubPartition Removable IsPresent Is_Storage 
   SubPartition_Of: /usbotg
   Primary_Block_Device: /dev/block//sde21
   Display_Name: 存储空间 36
   Storage_Name: 存储空间 36
   Backup_Path: /usbotg-36
   Backup_Name: usbotg-36
   Backup_Display_Name: usbotg-36
   Storage_Path: /usbotg-36
   Current_File_System: auto
   Fstab_File_System: auto
   Backup_Method: files

I:Processing '/usbotg-37'
I:Created '/usbotg-37' folder.
/usbotg-37 | /dev/block//sde51 | Size: 199MB Used: 165MB Free: 34MB Backup Size: 165MB
   Flags: Can_Be_Mounted Can_Be_Wiped Wipe_Available_in_GUI Is_SubPartition Removable IsPresent Is_Storage 
   SubPartition_Of: /usbotg
   Primary_Block_Device: /dev/block//sde51
   Display_Name: 存储空间 37
   Storage_Name: 存储空间 37
   Backup_Path: /usbotg-37
   Backup_Name: usbotg-37
   Backup_Display_Name: usbotg-37
   Storage_Path: /usbotg-37
   Current_File_System: vfat
   Fstab_File_System: auto
   Backup_Method: files

I:Processing '/usbotg-38'
I:Created '/usbotg-38' folder.
I:Can't probe device /dev/block//sde98
I:Unable to mount '/usbotg-38'
I:Actual block device: '/dev/block//sde98', current file system: 'auto'
/usbotg-38 | /dev/block//sde98 | Size: 0MB Used: 0MB Free: 0MB Backup Size: 0MB
   Flags: Can_Be_Mounted Can_Be_Wiped Wipe_Available_in_GUI Is_SubPartition Removable IsPresent Is_Storage 
   SubPartition_Of: /usbotg
   Primary_Block_Device: /dev/block//sde98
   Display_Name: 存储空间 38
   Storage_Name: 存储空间 38
   Backup_Path: /usbotg-38
   Backup_Name: usbotg-38
   Backup_Display_Name: usbotg-38
   Storage_Path: /usbotg-38
   Current_File_System: auto
   Fstab_File_System: auto
   Backup_Method: files

I:Processing '/usbotg-39'
I:Created '/usbotg-39' folder.
I:Can't probe device /dev/block//sde55
I:Unable to mount '/usbotg-39'
I:Actual block device: '/dev/block//sde55', current file system: 'auto'
/usbotg-39 | /dev/block//sde55 | Size: 0MB Used: 0MB Free: 0MB Backup Size: 0MB
   Flags: Can_Be_Mounted Can_Be_Wiped Wipe_Available_in_GUI Is_SubPartition Removable IsPresent Is_Storage 
   SubPartition_Of: /usbotg
   Primary_Block_Device: /dev/block//sde55
   Display_Name: 存储空间 39
   Storage_Name: 存储空间 39
   Backup_Path: /usbotg-39
   Backup_Name: usbotg-39
   Backup_Display_Name: usbotg-39
   Storage_Path: /usbotg-39
   Current_File_System: auto
   Fstab_File_System: auto
   Backup_Method: files

I:Processing '/usbotg-40'
I:Created '/usbotg-40' folder.
I:Can't probe device /dev/block//sde5
I:Unable to mount '/usbotg-40'
I:Actual block device: '/dev/block//sde5', current file system: 'auto'
/usbotg-40 | /dev/block//sde5 | Size: 0MB Used: 0MB Free: 0MB Backup Size: 0MB
   Flags: Can_Be_Mounted Can_Be_Wiped Wipe_Available_in_GUI Is_SubPartition Removable IsPresent Is_Storage 
   SubPartition_Of: /usbotg
   Primary_Block_Device: /dev/block//sde5
   Display_Name: 存储空间 40
   Storage_Name: 存储空间 40
   Backup_Path: /usbotg-40
   Backup_Name: usbotg-40
   Backup_Display_Name: usbotg-40
   Storage_Path: /usbotg-40
   Current_File_System: auto
   Fstab_File_System: auto
   Backup_Method: files

I:Processing '/usbotg-41'
I:Created '/usbotg-41' folder.
I:Can't probe device /dev/block//sde25
I:Unable to mount '/usbotg-41'
I:Actual block device: '/dev/block//sde25', current file system: 'auto'
/usbotg-41 | /dev/block//sde25 | Size: 0MB Used: 0MB Free: 0MB Backup Size: 0MB
   Flags: Can_Be_Mounted Can_Be_Wiped Wipe_Available_in_GUI Is_SubPartition Removable IsPresent Is_Storage 
   SubPartition_Of: /usbotg
   Primary_Block_Device: /dev/block//sde25
   Display_Name: 存储空间 41
   Storage_Name: 存储空间 41
   Backup_Path: /usbotg-41
   Backup_Name: usbotg-41
   Backup_Display_Name: usbotg-41
   Storage_Path: /usbotg-41
   Current_File_System: auto
   Fstab_File_System: auto
   Backup_Method: files

I:Processing '/usbotg-42'
I:Created '/usbotg-42' folder.
I:Can't probe device /dev/block//sde23
I:Unable to mount '/usbotg-42'
I:Actual block device: '/dev/block//sde23', current file system: 'auto'
/usbotg-42 | /dev/block//sde23 | Size: 0MB Used: 0MB Free: 0MB Backup Size: 0MB
   Flags: Can_Be_Mounted Can_Be_Wiped Wipe_Available_in_GUI Is_SubPartition Removable IsPresent Is_Storage 
   SubPartition_Of: /usbotg
   Primary_Block_Device: /dev/block//sde23
   Display_Name: 存储空间 42
   Storage_Name: 存储空间 42
   Backup_Path: /usbotg-42
   Backup_Name: usbotg-42
   Backup_Display_Name: usbotg-42
   Storage_Path: /usbotg-42
   Current_File_System: auto
   Fstab_File_System: auto
   Backup_Method: files

I:Processing '/usbotg-43'
I:Created '/usbotg-43' folder.
I:Can't probe device /dev/block//sde81
I:Unable to mount '/usbotg-43'
I:Actual block device: '/dev/block//sde81', current file system: 'auto'
/usbotg-43 | /dev/block//sde81 | Size: 0MB Used: 0MB Free: 0MB Backup Size: 0MB
   Flags: Can_Be_Mounted Can_Be_Wiped Wipe_Available_in_GUI Is_SubPartition Removable IsPresent Is_Storage 
   SubPartition_Of: /usbotg
   Primary_Block_Device: /dev/block//sde81
   Display_Name: 存储空间 43
   Storage_Name: 存储空间 43
   Backup_Path: /usbotg-43
   Backup_Name: usbotg-43
   Backup_Display_Name: usbotg-43
   Storage_Path: /usbotg-43
   Current_File_System: auto
   Fstab_File_System: auto
   Backup_Method: files

I:Processing '/usbotg-44'
I:Created '/usbotg-44' folder.
I:Can't probe device /dev/block//sde71
I:Unable to mount '/usbotg-44'
I:Actual block device: '/dev/block//sde71', current file system: 'auto'
/usbotg-44 | /dev/block//sde71 | Size: 0MB Used: 0MB Free: 0MB Backup Size: 0MB
   Flags: Can_Be_Mounted Can_Be_Wiped Wipe_Available_in_GUI Is_SubPartition Removable IsPresent Is_Storage 
   SubPartition_Of: /usbotg
   Primary_Block_Device: /dev/block//sde71
   Display_Name: 存储空间 44
   Storage_Name: 存储空间 44
   Backup_Path: /usbotg-44
   Backup_Name: usbotg-44
   Backup_Display_Name: usbotg-44
   Storage_Path: /usbotg-44
   Current_File_System: auto
   Fstab_File_System: auto
   Backup_Method: files

I:Processing '/usbotg-45'
I:Created '/usbotg-45' folder.
I:Can't probe device /dev/block//sde19
I:Unable to mount '/usbotg-45'
I:Actual block device: '/dev/block//sde19', current file system: 'auto'
/usbotg-45 | /dev/block//sde19 | Size: 0MB Used: 0MB Free: 0MB Backup Size: 0MB
   Flags: Can_Be_Mounted Can_Be_Wiped Wipe_Available_in_GUI Is_SubPartition Removable IsPresent Is_Storage 
   SubPartition_Of: /usbotg
   Primary_Block_Device: /dev/block//sde19
   Display_Name: 存储空间 45
   Storage_Name: 存储空间 45
   Backup_Path: /usbotg-45
   Backup_Name: usbotg-45
   Backup_Display_Name: usbotg-45
   Storage_Path: /usbotg-45
   Current_File_System: auto
   Fstab_File_System: auto
   Backup_Method: files

I:Processing '/usbotg-46'
I:Created '/usbotg-46' folder.
I:Can't probe device /dev/block//sde27
I:Unable to mount '/usbotg-46'
I:Actual block device: '/dev/block//sde27', current file system: 'auto'
/usbotg-46 | /dev/block//sde27 | Size: 0MB Used: 0MB Free: 0MB Backup Size: 0MB
   Flags: Can_Be_Mounted Can_Be_Wiped Wipe_Available_in_GUI Is_SubPartition Removable IsPresent Is_Storage 
   SubPartition_Of: /usbotg
   Primary_Block_Device: /dev/block//sde27
   Display_Name: 存储空间 46
   Storage_Name: 存储空间 46
   Backup_Path: /usbotg-46
   Backup_Name: usbotg-46
   Backup_Display_Name: usbotg-46
   Storage_Path: /usbotg-46
   Current_File_System: auto
   Fstab_File_System: auto
   Backup_Method: files

I:Processing '/usbotg-47'
I:Created '/usbotg-47' folder.
I:Can't probe device /dev/block//sde83
I:Unable to mount '/usbotg-47'
I:Actual block device: '/dev/block//sde83', current file system: 'auto'
/usbotg-47 | /dev/block//sde83 | Size: 0MB Used: 0MB Free: 0MB Backup Size: 0MB
   Flags: Can_Be_Mounted Can_Be_Wiped Wipe_Available_in_GUI Is_SubPartition Removable IsPresent Is_Storage 
   SubPartition_Of: /usbotg
   Primary_Block_Device: /dev/block//sde83
   Display_Name: 存储空间 47
   Storage_Name: 存储空间 47
   Backup_Path: /usbotg-47
   Backup_Name: usbotg-47
   Backup_Display_Name: usbotg-47
   Storage_Path: /usbotg-47
   Current_File_System: auto
   Fstab_File_System: auto
   Backup_Method: files

I:Processing '/usbotg-48'
I:Created '/usbotg-48' folder.
I:Can't probe device /dev/block//sde53
I:Unable to mount '/usbotg-48'
I:Actual block device: '/dev/block//sde53', current file system: 'auto'
/usbotg-48 | /dev/block//sde53 | Size: 0MB Used: 0MB Free: 0MB Backup Size: 0MB
   Flags: Can_Be_Mounted Can_Be_Wiped Wipe_Available_in_GUI Is_SubPartition Removable IsPresent Is_Storage 
   SubPartition_Of: /usbotg
   Primary_Block_Device: /dev/block//sde53
   Display_Name: 存储空间 48
   Storage_Name: 存储空间 48
   Backup_Path: /usbotg-48
   Backup_Name: usbotg-48
   Backup_Display_Name: usbotg-48
   Storage_Path: /usbotg-48
   Current_File_System: auto
   Fstab_File_System: auto
   Backup_Method: files

I:Processing '/usbotg-49'
I:Created '/usbotg-49' folder.
/usbotg-49 | /dev/block//sde52 | Size: 7MB Used: 2MB Free: 5MB Backup Size: 2MB
   Flags: Can_Be_Mounted Can_Be_Wiped Wipe_Available_in_GUI Is_SubPartition Removable IsPresent Is_Storage 
   SubPartition_Of: /usbotg
   Primary_Block_Device: /dev/block//sde52
   Display_Name: 存储空间 49
   Storage_Name: 存储空间 49
   Backup_Path: /usbotg-49
   Backup_Name: usbotg-49
   Backup_Display_Name: usbotg-49
   Storage_Path: /usbotg-49
   Current_File_System: vfat
   Fstab_File_System: auto
   Backup_Method: files

I:Processing '/usbotg-50'
I:Created '/usbotg-50' folder.
I:Can't probe device /dev/block//sde80
I:Unable to mount '/usbotg-50'
I:Actual block device: '/dev/block//sde80', current file system: 'auto'
/usbotg-50 | /dev/block//sde80 | Size: 0MB Used: 0MB Free: 0MB Backup Size: 0MB
   Flags: Can_Be_Mounted Can_Be_Wiped Wipe_Available_in_GUI Is_SubPartition Removable IsPresent Is_Storage 
   SubPartition_Of: /usbotg
   Primary_Block_Device: /dev/block//sde80
   Display_Name: 存储空间 50
   Storage_Name: 存储空间 50
   Backup_Path: /usbotg-50
   Backup_Name: usbotg-50
   Backup_Display_Name: usbotg-50
   Storage_Path: /usbotg-50
   Current_File_System: auto
   Fstab_File_System: auto
   Backup_Method: files

I:Processing '/usbotg-51'
I:Created '/usbotg-51' folder.
I:Can't probe device /dev/block//sde45
I:Unable to mount '/usbotg-51'
I:Actual block device: '/dev/block//sde45', current file system: 'auto'
/usbotg-51 | /dev/block//sde45 | Size: 0MB Used: 0MB Free: 0MB Backup Size: 0MB
   Flags: Can_Be_Mounted Can_Be_Wiped Wipe_Available_in_GUI Is_SubPartition Removable IsPresent Is_Storage 
   SubPartition_Of: /usbotg
   Primary_Block_Device: /dev/block//sde45
   Display_Name: 存储空间 51
   Storage_Name: 存储空间 51
   Backup_Path: /usbotg-51
   Backup_Name: usbotg-51
   Backup_Display_Name: usbotg-51
   Storage_Path: /usbotg-51
   Current_File_System: auto
   Fstab_File_System: auto
   Backup_Method: files

I:Processing '/usbotg-52'
I:Created '/usbotg-52' folder.
I:Can't probe device /dev/block//sde63
I:Unable to mount '/usbotg-52'
I:Actual block device: '/dev/block//sde63', current file system: 'auto'
/usbotg-52 | /dev/block//sde63 | Size: 0MB Used: 0MB Free: 0MB Backup Size: 0MB
   Flags: Can_Be_Mounted Can_Be_Wiped Wipe_Available_in_GUI Is_SubPartition Removable IsPresent Is_Storage 
   SubPartition_Of: /usbotg
   Primary_Block_Device: /dev/block//sde63
   Display_Name: 存储空间 52
   Storage_Name: 存储空间 52
   Backup_Path: /usbotg-52
   Backup_Name: usbotg-52
   Backup_Display_Name: usbotg-52
   Storage_Path: /usbotg-52
   Current_File_System: auto
   Fstab_File_System: auto
   Backup_Method: files

I:Processing '/usbotg-53'
I:Created '/usbotg-53' folder.
I:Can't probe device /dev/block//sde10
I:Unable to mount '/usbotg-53'
I:Actual block device: '/dev/block//sde10', current file system: 'auto'
/usbotg-53 | /dev/block//sde10 | Size: 0MB Used: 0MB Free: 0MB Backup Size: 0MB
   Flags: Can_Be_Mounted Can_Be_Wiped Wipe_Available_in_GUI Is_SubPartition Removable IsPresent Is_Storage 
   SubPartition_Of: /usbotg
   Primary_Block_Device: /dev/block//sde10
   Display_Name: 存储空间 53
   Storage_Name: 存储空间 53
   Backup_Path: /usbotg-53
   Backup_Name: usbotg-53
   Backup_Display_Name: usbotg-53
   Storage_Path: /usbotg-53
   Current_File_System: auto
   Fstab_File_System: auto
   Backup_Method: files

I:Processing '/usbotg-54'
I:Created '/usbotg-54' folder.
I:Can't probe device /dev/block//sde16
I:Unable to mount '/usbotg-54'
I:Actual block device: '/dev/block//sde16', current file system: 'auto'
/usbotg-54 | /dev/block//sde16 | Size: 0MB Used: 0MB Free: 0MB Backup Size: 0MB
   Flags: Can_Be_Mounted Can_Be_Wiped Wipe_Available_in_GUI Is_SubPartition Removable IsPresent Is_Storage 
   SubPartition_Of: /usbotg
   Primary_Block_Device: /dev/block//sde16
   Display_Name: 存储空间 54
   Storage_Name: 存储空间 54
   Backup_Path: /usbotg-54
   Backup_Name: usbotg-54
   Backup_Display_Name: usbotg-54
   Storage_Path: /usbotg-54
   Current_File_System: auto
   Fstab_File_System: auto
   Backup_Method: files

I:Processing '/usbotg-55'
I:Created '/usbotg-55' folder.
I:Can't probe device /dev/block//sde85
I:Unable to mount '/usbotg-55'
I:Actual block device: '/dev/block//sde85', current file system: 'auto'
/usbotg-55 | /dev/block//sde85 | Size: 0MB Used: 0MB Free: 0MB Backup Size: 0MB
   Flags: Can_Be_Mounted Can_Be_Wiped Wipe_Available_in_GUI Is_SubPartition Removable IsPresent Is_Storage 
   SubPartition_Of: /usbotg
   Primary_Block_Device: /dev/block//sde85
   Display_Name: 存储空间 55
   Storage_Name: 存储空间 55
   Backup_Path: /usbotg-55
   Backup_Name: usbotg-55
   Backup_Display_Name: usbotg-55
   Storage_Path: /usbotg-55
   Current_File_System: auto
   Fstab_File_System: auto
   Backup_Method: files

I:Processing '/usbotg-56'
I:Created '/usbotg-56' folder.
I:Can't probe device /dev/block//sde44
I:Unable to mount '/usbotg-56'
I:Actual block device: '/dev/block//sde44', current file system: 'auto'
/usbotg-56 | /dev/block//sde44 | Size: 0MB Used: 0MB Free: 0MB Backup Size: 0MB
   Flags: Can_Be_Mounted Can_Be_Wiped Wipe_Available_in_GUI Is_SubPartition Removable IsPresent Is_Storage 
   SubPartition_Of: /usbotg
   Primary_Block_Device: /dev/block//sde44
   Display_Name: 存储空间 56
   Storage_Name: 存储空间 56
   Backup_Path: /usbotg-56
   Backup_Name: usbotg-56
   Backup_Display_Name: usbotg-56
   Storage_Path: /usbotg-56
   Current_File_System: auto
   Fstab_File_System: auto
   Backup_Method: files

I:Processing '/usbotg-57'
I:Created '/usbotg-57' folder.
I:Can't probe device /dev/block//sde47
I:Unable to mount '/usbotg-57'
I:Actual block device: '/dev/block//sde47', current file system: 'auto'
/usbotg-57 | /dev/block//sde47 | Size: 0MB Used: 0MB Free: 0MB Backup Size: 0MB
   Flags: Can_Be_Mounted Can_Be_Wiped Wipe_Available_in_GUI Is_SubPartition Removable IsPresent Is_Storage 
   SubPartition_Of: /usbotg
   Primary_Block_Device: /dev/block//sde47
   Display_Name: 存储空间 57
   Storage_Name: 存储空间 57
   Backup_Path: /usbotg-57
   Backup_Name: usbotg-57
   Backup_Display_Name: usbotg-57
   Storage_Path: /usbotg-57
   Current_File_System: auto
   Fstab_File_System: auto
   Backup_Method: files

I:Processing '/usbotg-58'
I:Created '/usbotg-58' folder.
I:Can't probe device /dev/block//sde17
I:Unable to mount '/usbotg-58'
I:Actual block device: '/dev/block//sde17', current file system: 'auto'
/usbotg-58 | /dev/block//sde17 | Size: 0MB Used: 0MB Free: 0MB Backup Size: 0MB
   Flags: Can_Be_Mounted Can_Be_Wiped Wipe_Available_in_GUI Is_SubPartition Removable IsPresent Is_Storage 
   SubPartition_Of: /usbotg
   Primary_Block_Device: /dev/block//sde17
   Display_Name: 存储空间 58
   Storage_Name: 存储空间 58
   Backup_Path: /usbotg-58
   Backup_Name: usbotg-58
   Backup_Display_Name: usbotg-58
   Storage_Path: /usbotg-58
   Current_File_System: auto
   Fstab_File_System: auto
   Backup_Method: files

I:Processing '/usbotg-59'
I:Created '/usbotg-59' folder.
I:Can't probe device /dev/block//sde74
I:Unable to mount '/usbotg-59'
I:Actual block device: '/dev/block//sde74', current file system: 'auto'
/usbotg-59 | /dev/block//sde74 | Size: 0MB Used: 0MB Free: 0MB Backup Size: 0MB
   Flags: Can_Be_Mounted Can_Be_Wiped Wipe_Available_in_GUI Is_SubPartition Removable IsPresent Is_Storage 
   SubPartition_Of: /usbotg
   Primary_Block_Device: /dev/block//sde74
   Display_Name: 存储空间 59
   Storage_Name: 存储空间 59
   Backup_Path: /usbotg-59
   Backup_Name: usbotg-59
   Backup_Display_Name: usbotg-59
   Storage_Path: /usbotg-59
   Current_File_System: auto
   Fstab_File_System: auto
   Backup_Method: files

I:Processing '/usbotg-60'
I:Created '/usbotg-60' folder.
I:Can't probe device /dev/block//sde37
I:Unable to mount '/usbotg-60'
I:Actual block device: '/dev/block//sde37', current file system: 'auto'
/usbotg-60 | /dev/block//sde37 | Size: 0MB Used: 0MB Free: 0MB Backup Size: 0MB
   Flags: Can_Be_Mounted Can_Be_Wiped Wipe_Available_in_GUI Is_SubPartition Removable IsPresent Is_Storage 
   SubPartition_Of: /usbotg
   Primary_Block_Device: /dev/block//sde37
   Display_Name: 存储空间 60
   Storage_Name: 存储空间 60
   Backup_Path: /usbotg-60
   Backup_Name: usbotg-60
   Backup_Display_Name: usbotg-60
   Storage_Path: /usbotg-60
   Current_File_System: auto
   Fstab_File_System: auto
   Backup_Method: files

I:Processing '/usbotg-61'
I:Created '/usbotg-61' folder.
I:Can't probe device /dev/block//sde36
I:Unable to mount '/usbotg-61'
I:Actual block device: '/dev/block//sde36', current file system: 'auto'
/usbotg-61 | /dev/block//sde36 | Size: 0MB Used: 0MB Free: 0MB Backup Size: 0MB
   Flags: Can_Be_Mounted Can_Be_Wiped Wipe_Available_in_GUI Is_SubPartition Removable IsPresent Is_Storage 
   SubPartition_Of: /usbotg
   Primary_Block_Device: /dev/block//sde36
   Display_Name: 存储空间 61
   Storage_Name: 存储空间 61
   Backup_Path: /usbotg-61
   Backup_Name: usbotg-61
   Backup_Display_Name: usbotg-61
   Storage_Path: /usbotg-61
   Current_File_System: auto
   Fstab_File_System: auto
   Backup_Method: files

I:Processing '/usbotg-62'
I:Created '/usbotg-62' folder.
I:Can't probe device /dev/block//sde93
I:Unable to mount '/usbotg-62'
I:Actual block device: '/dev/block//sde93', current file system: 'auto'
/usbotg-62 | /dev/block//sde93 | Size: 0MB Used: 0MB Free: 0MB Backup Size: 0MB
   Flags: Can_Be_Mounted Can_Be_Wiped Wipe_Available_in_GUI Is_SubPartition Removable IsPresent Is_Storage 
   SubPartition_Of: /usbotg
   Primary_Block_Device: /dev/block//sde93
   Display_Name: 存储空间 62
   Storage_Name: 存储空间 62
   Backup_Path: /usbotg-62
   Backup_Name: usbotg-62
   Backup_Display_Name: usbotg-62
   Storage_Path: /usbotg-62
   Current_File_System: auto
   Fstab_File_System: auto
   Backup_Method: files

I:Processing '/usbotg-63'
I:Created '/usbotg-63' folder.
I:Can't probe device /dev/block//sde69
I:Unable to mount '/usbotg-63'
I:Actual block device: '/dev/block//sde69', current file system: 'auto'
/usbotg-63 | /dev/block//sde69 | Size: 0MB Used: 0MB Free: 0MB Backup Size: 0MB
   Flags: Can_Be_Mounted Can_Be_Wiped Wipe_Available_in_GUI Is_SubPartition Removable IsPresent Is_Storage 
   SubPartition_Of: /usbotg
   Primary_Block_Device: /dev/block//sde69
   Display_Name: 存储空间 63
   Storage_Name: 存储空间 63
   Backup_Path: /usbotg-63
   Backup_Name: usbotg-63
   Backup_Display_Name: usbotg-63
   Storage_Path: /usbotg-63
   Current_File_System: auto
   Fstab_File_System: auto
   Backup_Method: files

I:Processing '/usbotg-64'
I:Created '/usbotg-64' folder.
I:Can't probe device /dev/block//sde77
I:Unable to mount '/usbotg-64'
I:Actual block device: '/dev/block//sde77', current file system: 'auto'
/usbotg-64 | /dev/block//sde77 | Size: 0MB Used: 0MB Free: 0MB Backup Size: 0MB
   Flags: Can_Be_Mounted Can_Be_Wiped Wipe_Available_in_GUI Is_SubPartition Removable IsPresent Is_Storage 
   SubPartition_Of: /usbotg
   Primary_Block_Device: /dev/block//sde77
   Display_Name: 存储空间 64
   Storage_Name: 存储空间 64
   Backup_Path: /usbotg-64
   Backup_Name: usbotg-64
   Backup_Display_Name: usbotg-64
   Storage_Path: /usbotg-64
   Current_File_System: auto
   Fstab_File_System: auto
   Backup_Method: files

I:Processing '/usbotg-65'
I:Created '/usbotg-65' folder.
I:Can't probe device /dev/block//sde66
I:Unable to mount '/usbotg-65'
I:Actual block device: '/dev/block//sde66', current file system: 'auto'
/usbotg-65 | /dev/block//sde66 | Size: 0MB Used: 0MB Free: 0MB Backup Size: 0MB
   Flags: Can_Be_Mounted Can_Be_Wiped Wipe_Available_in_GUI Is_SubPartition Removable IsPresent Is_Storage 
   SubPartition_Of: /usbotg
   Primary_Block_Device: /dev/block//sde66
   Display_Name: 存储空间 65
   Storage_Name: 存储空间 65
   Backup_Path: /usbotg-65
   Backup_Name: usbotg-65
   Backup_Display_Name: usbotg-65
   Storage_Path: /usbotg-65
   Current_File_System: auto
   Fstab_File_System: auto
   Backup_Method: files

I:Processing '/usbotg-66'
I:Created '/usbotg-66' folder.
/usbotg-66 | /dev/block//sde8 | Size: 199MB Used: 165MB Free: 34MB Backup Size: 165MB
   Flags: Can_Be_Mounted Can_Be_Wiped Wipe_Available_in_GUI Is_SubPartition Removable IsPresent Is_Storage 
   SubPartition_Of: /usbotg
   Primary_Block_Device: /dev/block//sde8
   Display_Name: 存储空间 66
   Storage_Name: 存储空间 66
   Backup_Path: /usbotg-66
   Backup_Name: usbotg-66
   Backup_Display_Name: usbotg-66
   Storage_Path: /usbotg-66
   Current_File_System: vfat
   Fstab_File_System: auto
   Backup_Method: files

I:Processing '/usbotg-67'
I:Created '/usbotg-67' folder.
I:Can't probe device /dev/block//sde39
I:Unable to mount '/usbotg-67'
I:Actual block device: '/dev/block//sde39', current file system: 'auto'
/usbotg-67 | /dev/block//sde39 | Size: 0MB Used: 0MB Free: 0MB Backup Size: 0MB
   Flags: Can_Be_Mounted Can_Be_Wiped Wipe_Available_in_GUI Is_SubPartition Removable IsPresent Is_Storage 
   SubPartition_Of: /usbotg
   Primary_Block_Device: /dev/block//sde39
   Display_Name: 存储空间 67
   Storage_Name: 存储空间 67
   Backup_Path: /usbotg-67
   Backup_Name: usbotg-67
   Backup_Display_Name: usbotg-67
   Storage_Path: /usbotg-67
   Current_File_System: auto
   Fstab_File_System: auto
   Backup_Method: files

I:Processing '/usbotg-68'
I:Created '/usbotg-68' folder.
/usbotg-68 | /dev/block//sde75 | Size: 7MB Used: 1MB Free: 5MB Backup Size: 1MB
   Flags: Can_Be_Mounted Can_Be_Wiped Wipe_Available_in_GUI Is_SubPartition Removable IsPresent Is_Storage 
   SubPartition_Of: /usbotg
   Primary_Block_Device: /dev/block//sde75
   Display_Name: 存储空间 68
   Storage_Name: 存储空间 68
   Backup_Path: /usbotg-68
   Backup_Name: usbotg-68
   Backup_Display_Name: usbotg-68
   Storage_Path: /usbotg-68
   Current_File_System: vfat
   Fstab_File_System: auto
   Backup_Method: files

I:Processing '/usbotg-69'
I:Created '/usbotg-69' folder.
/usbotg-69 | /dev/block//sde9 | Size: 7MB Used: 2MB Free: 5MB Backup Size: 2MB
   Flags: Can_Be_Mounted Can_Be_Wiped Wipe_Available_in_GUI Is_SubPartition Removable IsPresent Is_Storage 
   SubPartition_Of: /usbotg
   Primary_Block_Device: /dev/block//sde9
   Display_Name: 存储空间 69
   Storage_Name: 存储空间 69
   Backup_Path: /usbotg-69
   Backup_Name: usbotg-69
   Backup_Display_Name: usbotg-69
   Storage_Path: /usbotg-69
   Current_File_System: vfat
   Fstab_File_System: auto
   Backup_Method: files

I:Processing '/usbotg-70'
I:Created '/usbotg-70' folder.
I:Can't probe device /dev/block//sde57
I:Unable to mount '/usbotg-70'
I:Actual block device: '/dev/block//sde57', current file system: 'auto'
/usbotg-70 | /dev/block//sde57 | Size: 0MB Used: 0MB Free: 0MB Backup Size: 0MB
   Flags: Can_Be_Mounted Can_Be_Wiped Wipe_Available_in_GUI Is_SubPartition Removable IsPresent Is_Storage 
   SubPartition_Of: /usbotg
   Primary_Block_Device: /dev/block//sde57
   Display_Name: 存储空间 70
   Storage_Name: 存储空间 70
   Backup_Path: /usbotg-70
   Backup_Name: usbotg-70
   Backup_Display_Name: usbotg-70
   Storage_Path: /usbotg-70
   Current_File_System: auto
   Fstab_File_System: auto
   Backup_Method: files

I:Processing '/usbotg-71'
I:Created '/usbotg-71' folder.
I:Can't probe device /dev/block//sde60
I:Unable to mount '/usbotg-71'
I:Actual block device: '/dev/block//sde60', current file system: 'auto'
/usbotg-71 | /dev/block//sde60 | Size: 0MB Used: 0MB Free: 0MB Backup Size: 0MB
   Flags: Can_Be_Mounted Can_Be_Wiped Wipe_Available_in_GUI Is_SubPartition Removable IsPresent Is_Storage 
   SubPartition_Of: /usbotg
   Primary_Block_Device: /dev/block//sde60
   Display_Name: 存储空间 71
   Storage_Name: 存储空间 71
   Backup_Path: /usbotg-71
   Backup_Name: usbotg-71
   Backup_Display_Name: usbotg-71
   Storage_Path: /usbotg-71
   Current_File_System: auto
   Fstab_File_System: auto
   Backup_Method: files

I:Processing '/usbotg-72'
I:Created '/usbotg-72' folder.
/usbotg-72 | /dev/block//sde11 | Size: 68MB Used: 59MB Free: 9MB Backup Size: 59MB
   Flags: Can_Be_Mounted Can_Be_Wiped Wipe_Available_in_GUI Is_SubPartition Removable IsPresent Is_Storage 
   SubPartition_Of: /usbotg
   Primary_Block_Device: /dev/block//sde11
   Display_Name: 存储空间 72
   Storage_Name: 存储空间 72
   Backup_Path: /usbotg-72
   Backup_Name: usbotg-72
   Backup_Display_Name: usbotg-72
   Storage_Path: /usbotg-72
   Current_File_System: ext4
   Fstab_File_System: auto
   Backup_Method: files

I:Processing '/usbotg-73'
I:Created '/usbotg-73' folder.
I:Can't probe device /dev/block//sde68
I:Unable to mount '/usbotg-73'
I:Actual block device: '/dev/block//sde68', current file system: 'auto'
/usbotg-73 | /dev/block//sde68 | Size: 0MB Used: 0MB Free: 0MB Backup Size: 0MB
   Flags: Can_Be_Mounted Can_Be_Wiped Wipe_Available_in_GUI Is_SubPartition Removable IsPresent Is_Storage 
   SubPartition_Of: /usbotg
   Primary_Block_Device: /dev/block//sde68
   Display_Name: 存储空间 73
   Storage_Name: 存储空间 73
   Backup_Path: /usbotg-73
   Backup_Name: usbotg-73
   Backup_Display_Name: usbotg-73
   Storage_Path: /usbotg-73
   Current_File_System: auto
   Fstab_File_System: auto
   Backup_Method: files

I:Processing '/usbotg-74'
I:Created '/usbotg-74' folder.
/usbotg-74 | /dev/block//sde40 | Size: 7MB Used: 0MB Free: 7MB Backup Size: 0MB
   Flags: Can_Be_Mounted Can_Be_Wiped Wipe_Available_in_GUI Is_SubPartition Removable IsPresent Is_Storage 
   SubPartition_Of: /usbotg
   Primary_Block_Device: /dev/block//sde40
   Display_Name: 存储空间 74
   Storage_Name: 存储空间 74
   Backup_Path: /usbotg-74
   Backup_Name: usbotg-74
   Backup_Display_Name: usbotg-74
   Storage_Path: /usbotg-74
   Current_File_System: vfat
   Fstab_File_System: auto
   Backup_Method: files

I:Processing '/usbotg-75'
I:Created '/usbotg-75' folder.
I:Can't probe device /dev/block//sde13
I:Unable to mount '/usbotg-75'
I:Actual block device: '/dev/block//sde13', current file system: 'auto'
/usbotg-75 | /dev/block//sde13 | Size: 0MB Used: 0MB Free: 0MB Backup Size: 0MB
   Flags: Can_Be_Mounted Can_Be_Wiped Wipe_Available_in_GUI Is_SubPartition Removable IsPresent Is_Storage 
   SubPartition_Of: /usbotg
   Primary_Block_Device: /dev/block//sde13
   Display_Name: 存储空间 75
   Storage_Name: 存储空间 75
   Backup_Path: /usbotg-75
   Backup_Name: usbotg-75
   Backup_Display_Name: usbotg-75
   Storage_Path: /usbotg-75
   Current_File_System: auto
   Fstab_File_System: auto
   Backup_Method: files

I:Processing '/usbotg-76'
I:Created '/usbotg-76' folder.
I:Can't probe device /dev/block//sde97
I:Unable to mount '/usbotg-76'
I:Actual block device: '/dev/block//sde97', current file system: 'auto'
/usbotg-76 | /dev/block//sde97 | Size: 0MB Used: 0MB Free: 0MB Backup Size: 0MB
   Flags: Can_Be_Mounted Can_Be_Wiped Wipe_Available_in_GUI Is_SubPartition Removable IsPresent Is_Storage 
   SubPartition_Of: /usbotg
   Primary_Block_Device: /dev/block//sde97
   Display_Name: 存储空间 76
   Storage_Name: 存储空间 76
   Backup_Path: /usbotg-76
   Backup_Name: usbotg-76
   Backup_Display_Name: usbotg-76
   Storage_Path: /usbotg-76
   Current_File_System: auto
   Fstab_File_System: auto
   Backup_Method: files

I:Processing '/usbotg-77'
I:Created '/usbotg-77' folder.
I:Can't probe device /dev/block//sde67
I:Unable to mount '/usbotg-77'
I:Actual block device: '/dev/block//sde67', current file system: 'auto'
/usbotg-77 | /dev/block//sde67 | Size: 0MB Used: 0MB Free: 0MB Backup Size: 0MB
   Flags: Can_Be_Mounted Can_Be_Wiped Wipe_Available_in_GUI Is_SubPartition Removable IsPresent Is_Storage 
   SubPartition_Of: /usbotg
   Primary_Block_Device: /dev/block//sde67
   Display_Name: 存储空间 77
   Storage_Name: 存储空间 77
   Backup_Path: /usbotg-77
   Backup_Name: usbotg-77
   Backup_Display_Name: usbotg-77
   Storage_Path: /usbotg-77
   Current_File_System: auto
   Fstab_File_System: auto
   Backup_Method: files

I:Processing '/usbotg-78'
I:Created '/usbotg-78' folder.
I:Can't probe device /dev/block//sde41
I:Unable to mount '/usbotg-78'
I:Actual block device: '/dev/block//sde41', current file system: 'auto'
/usbotg-78 | /dev/block//sde41 | Size: 0MB Used: 0MB Free: 0MB Backup Size: 0MB
   Flags: Can_Be_Mounted Can_Be_Wiped Wipe_Available_in_GUI Is_SubPartition Removable IsPresent Is_Storage 
   SubPartition_Of: /usbotg
   Primary_Block_Device: /dev/block//sde41
   Display_Name: 存储空间 78
   Storage_Name: 存储空间 78
   Backup_Path: /usbotg-78
   Backup_Name: usbotg-78
   Backup_Display_Name: usbotg-78
   Storage_Path: /usbotg-78
   Current_File_System: auto
   Fstab_File_System: auto
   Backup_Method: files

I:Processing '/usbotg-79'
I:Created '/usbotg-79' folder.
I:Can't probe device /dev/block//sde59
I:Unable to mount '/usbotg-79'
I:Actual block device: '/dev/block//sde59', current file system: 'auto'
/usbotg-79 | /dev/block//sde59 | Size: 0MB Used: 0MB Free: 0MB Backup Size: 0MB
   Flags: Can_Be_Mounted Can_Be_Wiped Wipe_Available_in_GUI Is_SubPartition Removable IsPresent Is_Storage 
   SubPartition_Of: /usbotg
   Primary_Block_Device: /dev/block//sde59
   Display_Name: 存储空间 79
   Storage_Name: 存储空间 79
   Backup_Path: /usbotg-79
   Backup_Name: usbotg-79
   Backup_Display_Name: usbotg-79
   Storage_Path: /usbotg-79
   Current_File_System: auto
   Fstab_File_System: auto
   Backup_Method: files

I:Processing '/usbotg-80'
I:Created '/usbotg-80' folder.
I:Can't probe device /dev/block//sde49
I:Unable to mount '/usbotg-80'
I:Actual block device: '/dev/block//sde49', current file system: 'auto'
/usbotg-80 | /dev/block//sde49 | Size: 0MB Used: 0MB Free: 0MB Backup Size: 0MB
   Flags: Can_Be_Mounted Can_Be_Wiped Wipe_Available_in_GUI Is_SubPartition Removable IsPresent Is_Storage 
   SubPartition_Of: /usbotg
   Primary_Block_Device: /dev/block//sde49
   Display_Name: 存储空间 80
   Storage_Name: 存储空间 80
   Backup_Path: /usbotg-80
   Backup_Name: usbotg-80
   Backup_Display_Name: usbotg-80
   Storage_Path: /usbotg-80
   Current_File_System: auto
   Fstab_File_System: auto
   Backup_Method: files

I:Processing '/usbotg-81'
I:Created '/usbotg-81' folder.
I:Can't probe device /dev/block//sde15
I:Unable to mount '/usbotg-81'
I:Actual block device: '/dev/block//sde15', current file system: 'auto'
/usbotg-81 | /dev/block//sde15 | Size: 0MB Used: 0MB Free: 0MB Backup Size: 0MB
   Flags: Can_Be_Mounted Can_Be_Wiped Wipe_Available_in_GUI Is_SubPartition Removable IsPresent Is_Storage 
   SubPartition_Of: /usbotg
   Primary_Block_Device: /dev/block//sde15
   Display_Name: 存储空间 81
   Storage_Name: 存储空间 81
   Backup_Path: /usbotg-81
   Backup_Name: usbotg-81
   Backup_Display_Name: usbotg-81
   Storage_Path: /usbotg-81
   Current_File_System: auto
   Fstab_File_System: auto
   Backup_Method: files

I:Processing '/usbotg-82'
I:Created '/usbotg-82' folder.
I:Can't probe device /dev/block//sde32
I:Unable to mount '/usbotg-82'
I:Actual block device: '/dev/block//sde32', current file system: 'auto'
/usbotg-82 | /dev/block//sde32 | Size: 0MB Used: 0MB Free: 0MB Backup Size: 0MB
   Flags: Can_Be_Mounted Can_Be_Wiped Wipe_Available_in_GUI Is_SubPartition Removable IsPresent Is_Storage 
   SubPartition_Of: /usbotg
   Primary_Block_Device: /dev/block//sde32
   Display_Name: 存储空间 82
   Storage_Name: 存储空间 82
   Backup_Path: /usbotg-82
   Backup_Name: usbotg-82
   Backup_Display_Name: usbotg-82
   Storage_Path: /usbotg-82
   Current_File_System: auto
   Fstab_File_System: auto
   Backup_Method: files

I:Processing '/usbotg-83'
I:Created '/usbotg-83' folder.
I:Can't probe device /dev/block//sde43
I:Unable to mount '/usbotg-83'
I:Actual block device: '/dev/block//sde43', current file system: 'auto'
/usbotg-83 | /dev/block//sde43 | Size: 0MB Used: 0MB Free: 0MB Backup Size: 0MB
   Flags: Can_Be_Mounted Can_Be_Wiped Wipe_Available_in_GUI Is_SubPartition Removable IsPresent Is_Storage 
   SubPartition_Of: /usbotg
   Primary_Block_Device: /dev/block//sde43
   Display_Name: 存储空间 83
   Storage_Name: 存储空间 83
   Backup_Path: /usbotg-83
   Backup_Name: usbotg-83
   Backup_Display_Name: usbotg-83
   Storage_Path: /usbotg-83
   Current_File_System: auto
   Fstab_File_System: auto
   Backup_Method: files

I:Processing '/usbotg-84'
I:Created '/usbotg-84' folder.
I:Can't probe device /dev/block//sde2
I:Unable to mount '/usbotg-84'
I:Actual block device: '/dev/block//sde2', current file system: 'auto'
/usbotg-84 | /dev/block//sde2 | Size: 0MB Used: 0MB Free: 0MB Backup Size: 0MB
   Flags: Can_Be_Mounted Can_Be_Wiped Wipe_Available_in_GUI Is_SubPartition Removable IsPresent Is_Storage 
   SubPartition_Of: /usbotg
   Primary_Block_Device: /dev/block//sde2
   Display_Name: 存储空间 84
   Storage_Name: 存储空间 84
   Backup_Path: /usbotg-84
   Backup_Name: usbotg-84
   Backup_Display_Name: usbotg-84
   Storage_Path: /usbotg-84
   Current_File_System: auto
   Fstab_File_System: auto
   Backup_Method: files

I:Processing '/usbotg-85'
I:Created '/usbotg-85' folder.
I:Can't probe device /dev/block//sde30
I:Unable to mount '/usbotg-85'
I:Actual block device: '/dev/block//sde30', current file system: 'auto'
/usbotg-85 | /dev/block//sde30 | Size: 0MB Used: 0MB Free: 0MB Backup Size: 0MB
   Flags: Can_Be_Mounted Can_Be_Wiped Wipe_Available_in_GUI Is_SubPartition Removable IsPresent Is_Storage 
   SubPartition_Of: /usbotg
   Primary_Block_Device: /dev/block//sde30
   Display_Name: 存储空间 85
   Storage_Name: 存储空间 85
   Backup_Path: /usbotg-85
   Backup_Name: usbotg-85
   Backup_Display_Name: usbotg-85
   Storage_Path: /usbotg-85
   Current_File_System: auto
   Fstab_File_System: auto
   Backup_Method: files

I:Processing '/usbotg-86'
I:Created '/usbotg-86' folder.
I:Can't probe device /dev/block//sde73
I:Unable to mount '/usbotg-86'
I:Actual block device: '/dev/block//sde73', current file system: 'auto'
/usbotg-86 | /dev/block//sde73 | Size: 0MB Used: 0MB Free: 0MB Backup Size: 0MB
   Flags: Can_Be_Mounted Can_Be_Wiped Wipe_Available_in_GUI Is_SubPartition Removable IsPresent Is_Storage 
   SubPartition_Of: /usbotg
   Primary_Block_Device: /dev/block//sde73
   Display_Name: 存储空间 86
   Storage_Name: 存储空间 86
   Backup_Path: /usbotg-86
   Backup_Name: usbotg-86
   Backup_Display_Name: usbotg-86
   Storage_Path: /usbotg-86
   Current_File_System: auto
   Fstab_File_System: auto
   Backup_Method: files

I:Processing '/usbotg-87'
I:Created '/usbotg-87' folder.
I:Can't probe device /dev/block//sde22
I:Unable to mount '/usbotg-87'
I:Actual block device: '/dev/block//sde22', current file system: 'auto'
/usbotg-87 | /dev/block//sde22 | Size: 0MB Used: 0MB Free: 0MB Backup Size: 0MB
   Flags: Can_Be_Mounted Can_Be_Wiped Wipe_Available_in_GUI Is_SubPartition Removable IsPresent Is_Storage 
   SubPartition_Of: /usbotg
   Primary_Block_Device: /dev/block//sde22
   Display_Name: 存储空间 87
   Storage_Name: 存储空间 87
   Backup_Path: /usbotg-87
   Backup_Name: usbotg-87
   Backup_Display_Name: usbotg-87
   Storage_Path: /usbotg-87
   Current_File_System: auto
   Fstab_File_System: auto
   Backup_Method: files

I:Processing '/usbotg-88'
I:Created '/usbotg-88' folder.
I:Can't probe device /dev/block//sde12
I:Unable to mount '/usbotg-88'
I:Actual block device: '/dev/block//sde12', current file system: 'auto'
/usbotg-88 | /dev/block//sde12 | Size: 0MB Used: 0MB Free: 0MB Backup Size: 0MB
   Flags: Can_Be_Mounted Can_Be_Wiped Wipe_Available_in_GUI Is_SubPartition Removable IsPresent Is_Storage 
   SubPartition_Of: /usbotg
   Primary_Block_Device: /dev/block//sde12
   Display_Name: 存储空间 88
   Storage_Name: 存储空间 88
   Backup_Path: /usbotg-88
   Backup_Name: usbotg-88
   Backup_Display_Name: usbotg-88
   Storage_Path: /usbotg-88
   Current_File_System: auto
   Fstab_File_System: auto
   Backup_Method: files

I:Processing '/usbotg-89'
I:Created '/usbotg-89' folder.
I:Can't probe device /dev/block//sde35
I:Unable to mount '/usbotg-89'
I:Actual block device: '/dev/block//sde35', current file system: 'auto'
/usbotg-89 | /dev/block//sde35 | Size: 0MB Used: 0MB Free: 0MB Backup Size: 0MB
   Flags: Can_Be_Mounted Can_Be_Wiped Wipe_Available_in_GUI Is_SubPartition Removable IsPresent Is_Storage 
   SubPartition_Of: /usbotg
   Primary_Block_Device: /dev/block//sde35
   Display_Name: 存储空间 89
   Storage_Name: 存储空间 89
   Backup_Path: /usbotg-89
   Backup_Name: usbotg-89
   Backup_Display_Name: usbotg-89
   Storage_Path: /usbotg-89
   Current_File_System: auto
   Fstab_File_System: auto
   Backup_Method: files

I:Processing '/usbotg-90'
I:Created '/usbotg-90' folder.
I:Can't probe device /dev/block//sde65
I:Unable to mount '/usbotg-90'
I:Actual block device: '/dev/block//sde65', current file system: 'auto'
/usbotg-90 | /dev/block//sde65 | Size: 0MB Used: 0MB Free: 0MB Backup Size: 0MB
   Flags: Can_Be_Mounted Can_Be_Wiped Wipe_Available_in_GUI Is_SubPartition Removable IsPresent Is_Storage 
   SubPartition_Of: /usbotg
   Primary_Block_Device: /dev/block//sde65
   Display_Name: 存储空间 90
   Storage_Name: 存储空间 90
   Backup_Path: /usbotg-90
   Backup_Name: usbotg-90
   Backup_Display_Name: usbotg-90
   Storage_Path: /usbotg-90
   Current_File_System: auto
   Fstab_File_System: auto
   Backup_Method: files

I:Processing '/usbotg-91'
I:Created '/usbotg-91' folder.
/usbotg-91 | /dev/block//sde7 | Size: 159MB Used: 115MB Free: 43MB Backup Size: 115MB
   Flags: Can_Be_Mounted Can_Be_Wiped Wipe_Available_in_GUI Is_SubPartition Removable IsPresent Is_Storage 
   SubPartition_Of: /usbotg
   Primary_Block_Device: /dev/block//sde7
   Display_Name: 存储空间 91
   Storage_Name: 存储空间 91
   Backup_Path: /usbotg-91
   Backup_Name: usbotg-91
   Backup_Display_Name: usbotg-91
   Storage_Path: /usbotg-91
   Current_File_System: vfat
   Fstab_File_System: auto
   Backup_Method: files

I:Processing '/usbotg-92'
I:Created '/usbotg-92' folder.
I:Can't probe device /dev/block//sde89
I:Unable to mount '/usbotg-92'
I:Actual block device: '/dev/block//sde89', current file system: 'auto'
/usbotg-92 | /dev/block//sde89 | Size: 0MB Used: 0MB Free: 0MB Backup Size: 0MB
   Flags: Can_Be_Mounted Can_Be_Wiped Wipe_Available_in_GUI Is_SubPartition Removable IsPresent Is_Storage 
   SubPartition_Of: /usbotg
   Primary_Block_Device: /dev/block//sde89
   Display_Name: 存储空间 92
   Storage_Name: 存储空间 92
   Backup_Path: /usbotg-92
   Backup_Name: usbotg-92
   Backup_Display_Name: usbotg-92
   Storage_Path: /usbotg-92
   Current_File_System: auto
   Fstab_File_System: auto
   Backup_Method: files

I:Processing '/usbotg-93'
I:Created '/usbotg-93' folder.
/usbotg-93 | /dev/block//sde95 | Size: 31MB Used: 0MB Free: 31MB Backup Size: 0MB
   Flags: Can_Be_Mounted Can_Be_Wiped Wipe_Available_in_GUI Is_SubPartition Removable IsPresent Is_Storage 
   SubPartition_Of: /usbotg
   Primary_Block_Device: /dev/block//sde95
   Display_Name: 存储空间 93
   Storage_Name: 存储空间 93
   Backup_Path: /usbotg-93
   Backup_Name: usbotg-93
   Backup_Display_Name: usbotg-93
   Storage_Path: /usbotg-93
   Current_File_System: vfat
   Fstab_File_System: auto
   Backup_Method: files

I:Processing '/usbotg-94'
I:Created '/usbotg-94' folder.
I:Can't probe device /dev/block//sde29
I:Unable to mount '/usbotg-94'
I:Actual block device: '/dev/block//sde29', current file system: 'auto'
/usbotg-94 | /dev/block//sde29 | Size: 0MB Used: 0MB Free: 0MB Backup Size: 0MB
   Flags: Can_Be_Mounted Can_Be_Wiped Wipe_Available_in_GUI Is_SubPartition Removable IsPresent Is_Storage 
   SubPartition_Of: /usbotg
   Primary_Block_Device: /dev/block//sde29
   Display_Name: 存储空间 94
   Storage_Name: 存储空间 94
   Backup_Path: /usbotg-94
   Backup_Name: usbotg-94
   Backup_Display_Name: usbotg-94
   Storage_Path: /usbotg-94
   Current_File_System: auto
   Fstab_File_System: auto
   Backup_Method: files

I:Processing '/usbotg-95'
I:Created '/usbotg-95' folder.
I:Can't probe device /dev/block//sde87
I:Unable to mount '/usbotg-95'
I:Actual block device: '/dev/block//sde87', current file system: 'auto'
/usbotg-95 | /dev/block//sde87 | Size: 0MB Used: 0MB Free: 0MB Backup Size: 0MB
   Flags: Can_Be_Mounted Can_Be_Wiped Wipe_Available_in_GUI Is_SubPartition Removable IsPresent Is_Storage 
   SubPartition_Of: /usbotg
   Primary_Block_Device: /dev/block//sde87
   Display_Name: 存储空间 95
   Storage_Name: 存储空间 95
   Backup_Path: /usbotg-95
   Backup_Name: usbotg-95
   Backup_Display_Name: usbotg-95
   Storage_Path: /usbotg-95
   Current_File_System: auto
   Fstab_File_System: auto
   Backup_Method: files

I:Processing '/usbotg-96'
I:Created '/usbotg-96' folder.
I:Can't probe device /dev/block//sde20
I:Unable to mount '/usbotg-96'
I:Actual block device: '/dev/block//sde20', current file system: 'auto'
/usbotg-96 | /dev/block//sde20 | Size: 0MB Used: 0MB Free: 0MB Backup Size: 0MB
   Flags: Can_Be_Mounted Can_Be_Wiped Wipe_Available_in_GUI Is_SubPartition Removable IsPresent Is_Storage 
   SubPartition_Of: /usbotg
   Primary_Block_Device: /dev/block//sde20
   Display_Name: 存储空间 96
   Storage_Name: 存储空间 96
   Backup_Path: /usbotg-96
   Backup_Name: usbotg-96
   Backup_Display_Name: usbotg-96
   Storage_Path: /usbotg-96
   Current_File_System: auto
   Fstab_File_System: auto
   Backup_Method: files

I:Processing '/usbotg-97'
I:Created '/usbotg-97' folder.
/usbotg-97 | /dev/block//sde50 | Size: 159MB Used: 115MB Free: 43MB Backup Size: 115MB
   Flags: Can_Be_Mounted Can_Be_Wiped Wipe_Available_in_GUI Is_SubPartition Removable IsPresent Is_Storage 
   SubPartition_Of: /usbotg
   Primary_Block_Device: /dev/block//sde50
   Display_Name: 存储空间 97
   Storage_Name: 存储空间 97
   Backup_Path: /usbotg-97
   Backup_Name: usbotg-97
   Backup_Display_Name: usbotg-97
   Storage_Path: /usbotg-97
   Current_File_System: vfat
   Fstab_File_System: auto
   Backup_Method: files

I:Processing '/usbotg-98'
I:Created '/usbotg-98' folder.
I:Can't probe device /dev/block//sde79
I:Unable to mount '/usbotg-98'
I:Actual block device: '/dev/block//sde79', current file system: 'auto'
/usbotg-98 | /dev/block//sde79 | Size: 0MB Used: 0MB Free: 0MB Backup Size: 0MB
   Flags: Can_Be_Mounted Can_Be_Wiped Wipe_Available_in_GUI Is_SubPartition Removable IsPresent Is_Storage 
   SubPartition_Of: /usbotg
   Primary_Block_Device: /dev/block//sde79
   Display_Name: 存储空间 98
   Storage_Name: 存储空间 98
   Backup_Path: /usbotg-98
   Backup_Name: usbotg-98
   Backup_Display_Name: usbotg-98
   Storage_Path: /usbotg-98
   Current_File_System: auto
   Fstab_File_System: auto
   Backup_Method: files

I:Set page: 'canceldecrypt'
I:operation_start: 'Refreshing Sizes'
正在更新分区详情…
I:checking for twrp app
I:Can't probe device /dev/block/sde
I:Unable to mount '/usbotg'
I:Actual block device: '/dev/block/sde', current file system: 'auto'
I:Found a match 'sdc' '/devices/platform/soc/'
I:Decrypt adopted storage starting
I:PageManager::LoadFileToBuffer loading filename: '/data/system/storage.xml' directly
I:No /data/system/storage.xml for adopted storage
I:No adopted storage so finding actual block device
I:Found an additional entry for '/usbotg-1'
I:Processing '/usbotg-1'
I:Can't probe device /dev/block//sdc9
I:Unable to mount '/usbotg-1'
I:Actual block device: '/dev/block//sdc9', current file system: 'auto'
/usbotg-1 | /dev/block//sdc9 | Size: 0MB Used: 0MB Free: 0MB Backup Size: 0MB
   Flags: Can_Be_Mounted Can_Be_Wiped Wipe_Available_in_GUI Is_SubPartition Removable IsPresent Is_Storage 
   SubPartition_Of: /usbotg
   Primary_Block_Device: /dev/block//sdc9
   Display_Name: 存储空间 1
   Storage_Name: 存储空间 1
   Backup_Path: /usbotg-1
   Backup_Display_Name: usbotg-1
   Storage_Path: /usbotg-1
   Current_File_System: auto
   Fstab_File_System: auto
   Backup_Method: none

I:Found an additional entry for '/usbotg-2'
I:Processing '/usbotg-2'
I:Can't probe device /dev/block//sdc4
I:Unable to mount '/usbotg-2'
I:Actual block device: '/dev/block//sdc4', current file system: 'auto'
/usbotg-2 | /dev/block//sdc4 | Size: 0MB Used: 0MB Free: 0MB Backup Size: 0MB
   Flags: Can_Be_Mounted Can_Be_Wiped Wipe_Available_in_GUI Is_SubPartition Removable IsPresent Is_Storage 
   SubPartition_Of: /usbotg
   Primary_Block_Device: /dev/block//sdc4
   Display_Name: 存储空间 2
   Storage_Name: 存储空间 2
   Backup_Path: /usbotg-2
   Backup_Display_Name: usbotg-2
   Storage_Path: /usbotg-2
   Current_File_System: auto
   Fstab_File_System: auto
   Backup_Method: none

I:Found an additional entry for '/usbotg-3'
I:Processing '/usbotg-3'
I:Can't probe device /dev/block//sdc2
I:Unable to mount '/usbotg-3'
I:Actual block device: '/dev/block//sdc2', current file system: 'auto'
/usbotg-3 | /dev/block//sdc2 | Size: 0MB Used: 0MB Free: 0MB Backup Size: 0MB
   Flags: Can_Be_Mounted Can_Be_Wiped Wipe_Available_in_GUI Is_SubPartition Removable IsPresent Is_Storage 
   SubPartition_Of: /usbotg
   Primary_Block_Device: /dev/block//sdc2
   Display_Name: 存储空间 3
   Storage_Name: 存储空间 3
   Backup_Path: /usbotg-3
   Backup_Display_Name: usbotg-3
   Storage_Path: /usbotg-3
   Current_File_System: auto
   Fstab_File_System: auto
   Backup_Method: none

I:Found an additional entry for '/usbotg-4'
I:Processing '/usbotg-4'
I:Can't probe device /dev/block//sdc6
I:Unable to mount '/usbotg-4'
I:Actual block device: '/dev/block//sdc6', current file system: 'auto'
/usbotg-4 | /dev/block//sdc6 | Size: 0MB Used: 0MB Free: 0MB Backup Size: 0MB
   Flags: Can_Be_Mounted Can_Be_Wiped Wipe_Available_in_GUI Is_SubPartition Removable IsPresent Is_Storage 
   SubPartition_Of: /usbotg
   Primary_Block_Device: /dev/block//sdc6
   Display_Name: 存储空间 4
   Storage_Name: 存储空间 4
   Backup_Path: /usbotg-4
   Backup_Display_Name: usbotg-4
   Storage_Path: /usbotg-4
   Current_File_System: auto
   Fstab_File_System: auto
   Backup_Method: none

I:Found an additional entry for '/usbotg-5'
I:Processing '/usbotg-5'
I:Can't probe device /dev/block//sdc7
I:Unable to mount '/usbotg-5'
I:Actual block device: '/dev/block//sdc7', current file system: 'auto'
/usbotg-5 | /dev/block//sdc7 | Size: 0MB Used: 0MB Free: 0MB Backup Size: 0MB
   Flags: Can_Be_Mounted Can_Be_Wiped Wipe_Available_in_GUI Is_SubPartition Removable IsPresent Is_Storage 
   SubPartition_Of: /usbotg
   Primary_Block_Device: /dev/block//sdc7
   Display_Name: 存储空间 5
   Storage_Name: 存储空间 5
   Backup_Path: /usbotg-5
   Backup_Display_Name: usbotg-5
   Storage_Path: /usbotg-5
   Current_File_System: auto
   Fstab_File_System: auto
   Backup_Method: none

I:Found an additional entry for '/usbotg-6'
I:Processing '/usbotg-6'
I:Can't probe device /dev/block//sdc3
I:Unable to mount '/usbotg-6'
I:Actual block device: '/dev/block//sdc3', current file system: 'auto'
/usbotg-6 | /dev/block//sdc3 | Size: 0MB Used: 0MB Free: 0MB Backup Size: 0MB
   Flags: Can_Be_Mounted Can_Be_Wiped Wipe_Available_in_GUI Is_SubPartition Removable IsPresent Is_Storage 
   SubPartition_Of: /usbotg
   Primary_Block_Device: /dev/block//sdc3
   Display_Name: 存储空间 6
   Storage_Name: 存储空间 6
   Backup_Path: /usbotg-6
   Backup_Display_Name: usbotg-6
   Storage_Path: /usbotg-6
   Current_File_System: auto
   Fstab_File_System: auto
   Backup_Method: none

I:Found an additional entry for '/usbotg-7'
I:Processing '/usbotg-7'
I:Can't probe device /dev/block//sdc5
I:Unable to mount '/usbotg-7'
I:Actual block device: '/dev/block//sdc5', current file system: 'auto'
/usbotg-7 | /dev/block//sdc5 | Size: 0MB Used: 0MB Free: 0MB Backup Size: 0MB
   Flags: Can_Be_Mounted Can_Be_Wiped Wipe_Available_in_GUI Is_SubPartition Removable IsPresent Is_Storage 
   SubPartition_Of: /usbotg
   Primary_Block_Device: /dev/block//sdc5
   Display_Name: 存储空间 7
   Storage_Name: 存储空间 7
   Backup_Path: /usbotg-7
   Backup_Display_Name: usbotg-7
   Storage_Path: /usbotg-7
   Current_File_System: auto
   Fstab_File_System: auto
   Backup_Method: none

I:Found an additional entry for '/usbotg-8'
I:Processing '/usbotg-8'
I:Can't probe device /dev/block//sdc1
I:Unable to mount '/usbotg-8'
I:Actual block device: '/dev/block//sdc1', current file system: 'auto'
/usbotg-8 | /dev/block//sdc1 | Size: 0MB Used: 0MB Free: 0MB Backup Size: 0MB
   Flags: Can_Be_Mounted Can_Be_Wiped Wipe_Available_in_GUI Is_SubPartition Removable IsPresent Is_Storage 
   SubPartition_Of: /usbotg
   Primary_Block_Device: /dev/block//sdc1
   Display_Name: 存储空间 8
   Storage_Name: 存储空间 8
   Backup_Path: /usbotg-8
   Backup_Display_Name: usbotg-8
   Storage_Path: /usbotg-8
   Current_File_System: auto
   Fstab_File_System: auto
   Backup_Method: none

I:Found an additional entry for '/usbotg-9'
I:Processing '/usbotg-9'
I:Can't probe device /dev/block//sdc8
I:Unable to mount '/usbotg-9'
I:Actual block device: '/dev/block//sdc8', current file system: 'auto'
/usbotg-9 | /dev/block//sdc8 | Size: 0MB Used: 0MB Free: 0MB Backup Size: 0MB
   Flags: Can_Be_Mounted Can_Be_Wiped Wipe_Available_in_GUI Is_SubPartition Removable IsPresent Is_Storage 
   SubPartition_Of: /usbotg
   Primary_Block_Device: /dev/block//sdc8
   Display_Name: 存储空间 9
   Storage_Name: 存储空间 9
   Backup_Path: /usbotg-9
   Backup_Display_Name: usbotg-9
   Storage_Path: /usbotg-9
   Current_File_System: auto
   Fstab_File_System: auto
   Backup_Method: none

I:Found a match 'sda' '/devices/platform/soc/'
I:Decrypt adopted storage starting
I:PageManager::LoadFileToBuffer loading filename: '/data/system/storage.xml' directly
I:No /data/system/storage.xml for adopted storage
I:No adopted storage so finding actual block device
I:Found an additional entry for '/usbotg-1'
I:Processing '/usbotg-1'
I:Data backup size is 11233MB, free: 451871MB.
I:Can't probe device /dev/block//sdf2
I:Unable to mount '/usbotg-1'
I:Actual block device: '/dev/block//sdf2', current file system: 'auto'
I:Can't probe device /dev/block//sda8
I:Unable to mount '/usbotg-1'
I:Actual block device: '/dev/block//sda8', current file system: 'auto'
/usbotg-1 | /dev/block//sda8 | Size: 0MB Used: 0MB Free: 0MB Backup Size: 0MB
   Flags: Can_Be_Mounted Can_Be_Wiped Wipe_Available_in_GUI Is_SubPartition Removable IsPresent Is_Storage 
   SubPartition_Of: /usbotg
   Primary_Block_Device: /dev/block//sda8
   Display_Name: 存储空间 1
   Storage_Name: 存储空间 1
   Backup_Path: /usbotg-1
   Backup_Display_Name: usbotg-1
   Storage_Path: /usbotg-1
   Current_File_System: auto
   Fstab_File_System: auto
   Backup_Method: none

I:Found an additional entry for '/usbotg-2'
I:Processing '/usbotg-2'
I:Can't probe device /dev/block//sdf3
I:Unable to mount '/usbotg-2'
I:Actual block device: '/dev/block//sdf3', current file system: 'auto'
I:Can't probe device /dev/block//sda11
I:Unable to mount '/usbotg-2'
I:Actual block device: '/dev/block//sda11', current file system: 'auto'
/usbotg-2 | /dev/block//sda11 | Size: 0MB Used: 0MB Free: 0MB Backup Size: 0MB
   Flags: Can_Be_Mounted Can_Be_Wiped Wipe_Available_in_GUI Is_SubPartition Removable IsPresent Is_Storage 
   SubPartition_Of: /usbotg
   Primary_Block_Device: /dev/block//sda11
   Display_Name: 存储空间 2
   Storage_Name: 存储空间 2
   Backup_Path: /usbotg-2
   Backup_Display_Name: usbotg-2
   Storage_Path: /usbotg-2
   Current_File_System: auto
   Fstab_File_System: auto
   Backup_Method: none

I:Found an additional entry for '/usbotg-3'
I:Processing '/usbotg-3'
I:Can't probe device /dev/block//sdf5
I:Unable to mount '/usbotg-3'
I:Actual block device: '/dev/block//sdf5', current file system: 'auto'
I:Can't probe device /dev/block//sda15
I:Unable to mount '/usbotg-3'
I:Actual block device: '/dev/block//sda15', current file system: 'auto'
/usbotg-3 | /dev/block//sda15 | Size: 0MB Used: 0MB Free: 0MB Backup Size: 0MB
   Flags: Can_Be_Mounted Can_Be_Wiped Wipe_Available_in_GUI Is_SubPartition Removable IsPresent Is_Storage 
   SubPartition_Of: /usbotg
   Primary_Block_Device: /dev/block//sda15
   Display_Name: 存储空间 3
   Storage_Name: 存储空间 3
   Backup_Path: /usbotg-3
   Backup_Display_Name: usbotg-3
   Storage_Path: /usbotg-3
   Current_File_System: auto
   Fstab_File_System: auto
   Backup_Method: none

I:Found an additional entry for '/usbotg-4'
I:Processing '/usbotg-4'
I:Can't probe device /dev/block//sdf7
I:Unable to mount '/usbotg-4'
I:Actual block device: '/dev/block//sdf7', current file system: 'auto'
I:Can't probe device /dev/block//sda25
I:Unable to mount '/usbotg-4'
I:Actual block device: '/dev/block//sda25', current file system: 'auto'
/usbotg-4 | /dev/block//sda25 | Size: 0MB Used: 0MB Free: 0MB Backup Size: 0MB
   Flags: Can_Be_Mounted Can_Be_Wiped Wipe_Available_in_GUI Is_SubPartition Removable IsPresent Is_Storage 
   SubPartition_Of: /usbotg
   Primary_Block_Device: /dev/block//sda25
   Display_Name: 存储空间 4
   Storage_Name: 存储空间 4
   Backup_Path: /usbotg-4
   Backup_Display_Name: usbotg-4
   Storage_Path: /usbotg-4
   Current_File_System: auto
   Fstab_File_System: auto
   Backup_Method: none

I:Found an additional entry for '/usbotg-5'
I:Processing '/usbotg-5'
I:Can't probe device /dev/block//sda6
I:Unable to mount '/usbotg-5'
I:Actual block device: '/dev/block//sda6', current file system: 'auto'
/usbotg-5 | /dev/block//sda6 | Size: 0MB Used: 0MB Free: 0MB Backup Size: 0MB
   Flags: Can_Be_Mounted Can_Be_Wiped Wipe_Available_in_GUI Is_SubPartition Removable IsPresent Is_Storage 
   SubPartition_Of: /usbotg
   Primary_Block_Device: /dev/block//sda6
   Display_Name: 存储空间 5
   Storage_Name: 存储空间 5
   Backup_Path: /usbotg-5
   Backup_Display_Name: usbotg-5
   Storage_Path: /usbotg-5
   Current_File_System: auto
   Fstab_File_System: auto
   Backup_Method: none

I:Found an additional entry for '/usbotg-6'
I:Processing '/usbotg-6'
I:Can't probe device /dev/block//sdf4
I:Unable to mount '/usbotg-5'
I:Actual block device: '/dev/block//sdf4', current file system: 'auto'
I:Can't probe device /dev/block//sdf1
I:Unable to mount '/usbotg-6'
I:Actual block device: '/dev/block//sdf1', current file system: 'auto'
I:Can't probe device /dev/block//sdf6
I:Unable to mount '/usbotg-7'
I:Actual block device: '/dev/block//sdf6', current file system: 'auto'
/usbotg-6 | /dev/block//sda18 | Size: 28MB Used: 27MB Free: 0MB Backup Size: 27MB
   Flags: Can_Be_Mounted Can_Be_Wiped Wipe_Available_in_GUI Is_SubPartition Removable IsPresent Is_Storage 
   SubPartition_Of: /usbotg
   Primary_Block_Device: /dev/block//sda18
   Display_Name: 存储空间 6
   Storage_Name: 存储空间 6
   Backup_Path: /usbotg-6
   Backup_Display_Name: usbotg-6
   Storage_Path: /usbotg-6
   Current_File_System: ext4
   Fstab_File_System: auto
   Backup_Method: none

I:Found an additional entry for '/usbotg-7'
I:Processing '/usbotg-7'
I:Can't probe device /dev/block//sda7
I:Unable to mount '/usbotg-7'
I:Actual block device: '/dev/block//sda7', current file system: 'auto'
/usbotg-7 | /dev/block//sda7 | Size: 0MB Used: 0MB Free: 0MB Backup Size: 0MB
   Flags: Can_Be_Mounted Can_Be_Wiped Wipe_Available_in_GUI Is_SubPartition Removable IsPresent Is_Storage 
   SubPartition_Of: /usbotg
   Primary_Block_Device: /dev/block//sda7
   Display_Name: 存储空间 7
   Storage_Name: 存储空间 7
   Backup_Path: /usbotg-7
   Backup_Display_Name: usbotg-7
   Storage_Path: /usbotg-7
   Current_File_System: auto
   Fstab_File_System: auto
   Backup_Method: none

I:Found an additional entry for '/usbotg-8'
I:Processing '/usbotg-8'
I:Can't probe device /dev/block//sda21
I:Unable to mount '/usbotg-8'
I:Actual block device: '/dev/block//sda21', current file system: 'auto'
/usbotg-8 | /dev/block//sda21 | Size: 0MB Used: 0MB Free: 0MB Backup Size: 0MB
   Flags: Can_Be_Mounted Can_Be_Wiped Wipe_Available_in_GUI Is_SubPartition Removable IsPresent Is_Storage 
   SubPartition_Of: /usbotg
   Primary_Block_Device: /dev/block//sda21
   Display_Name: 存储空间 8
   Storage_Name: 存储空间 8
   Backup_Path: /usbotg-8
   Backup_Display_Name: usbotg-8
   Storage_Path: /usbotg-8
   Current_File_System: auto
   Fstab_File_System: auto
   Backup_Method: none

I:Found an additional entry for '/usbotg-9'
I:Processing '/usbotg-9'
I:Can't probe device /dev/block//sdd3
I:Unable to mount '/usbotg-1'
I:Actual block device: '/dev/block//sdd3', current file system: 'auto'
I:Can't probe device /dev/block//sdd1
I:Unable to mount '/usbotg-2'
I:Actual block device: '/dev/block//sdd1', current file system: 'auto'
I:Can't probe device /dev/block//sdd2
I:Unable to mount '/usbotg-3'
I:Actual block device: '/dev/block//sdd2', current file system: 'auto'
I:Can't probe device /dev/block//sdb6
I:Unable to mount '/usbotg-1'
I:Actual block device: '/dev/block//sdb6', current file system: 'auto'
I:Can't probe device /dev/block//sda10
I:Unable to mount '/usbotg-9'
I:Actual block device: '/dev/block//sda10', current file system: 'auto'
/usbotg-9 | /dev/block//sda10 | Size: 0MB Used: 0MB Free: 0MB Backup Size: 0MB
   Flags: Can_Be_Mounted Can_Be_Wiped Wipe_Available_in_GUI Is_SubPartition Removable IsPresent Is_Storage 
   SubPartition_Of: /usbotg
   Primary_Block_Device: /dev/block//sda10
   Display_Name: 存储空间 9
   Storage_Name: 存储空间 9
   Backup_Path: /usbotg-9
   Backup_Display_Name: usbotg-9
   Storage_Path: /usbotg-9
   Current_File_System: auto
   Fstab_File_System: auto
   Backup_Method: none

I:Found an additional entry for '/usbotg-10'
I:Processing '/usbotg-10'
I:Can't probe device /dev/block//sdb4
I:Unable to mount '/usbotg-2'
I:Actual block device: '/dev/block//sdb4', current file system: 'auto'
I:Can't probe device /dev/block//sdb8
I:Unable to mount '/usbotg-3'
I:Actual block device: '/dev/block//sdb8', current file system: 'auto'
I:Can't probe device /dev/block//sdb2
I:Unable to mount '/usbotg-4'
I:Actual block device: '/dev/block//sdb2', current file system: 'auto'
I:Can't probe device /dev/block//sda28
I:Unable to mount '/usbotg-10'
I:Actual block device: '/dev/block//sda28', current file system: 'auto'
/usbotg-10 | /dev/block//sda28 | Size: 0MB Used: 0MB Free: 0MB Backup Size: 0MB
   Flags: Can_Be_Mounted Can_Be_Wiped Wipe_Available_in_GUI Is_SubPartition Removable IsPresent Is_Storage 
   SubPartition_Of: /usbotg
   Primary_Block_Device: /dev/block//sda28
   Display_Name: 存储空间 10
   Storage_Name: 存储空间 10
   Backup_Path: /usbotg-10
   Backup_Display_Name: usbotg-10
   Storage_Path: /usbotg-10
   Current_File_System: auto
   Fstab_File_System: auto
   Backup_Method: none

I:Found an additional entry for '/usbotg-11'
I:Processing '/usbotg-11'
I:Can't probe device /dev/block//sdb7
I:Unable to mount '/usbotg-5'
I:Actual block device: '/dev/block//sdb7', current file system: 'auto'
I:Can't probe device /dev/block//sda33
I:Unable to mount '/usbotg-11'
I:Actual block device: '/dev/block//sda33', current file system: 'auto'
/usbotg-11 | /dev/block//sda33 | Size: 0MB Used: 0MB Free: 0MB Backup Size: 0MB
   Flags: Can_Be_Mounted Can_Be_Wiped Wipe_Available_in_GUI Is_SubPartition Removable IsPresent Is_Storage 
   SubPartition_Of: /usbotg
   Primary_Block_Device: /dev/block//sda33
   Display_Name: 存储空间 11
   Storage_Name: 存储空间 11
   Backup_Path: /usbotg-11
   Backup_Display_Name: usbotg-11
   Storage_Path: /usbotg-11
   Current_File_System: auto
   Fstab_File_System: auto
   Backup_Method: none

I:Found an additional entry for '/usbotg-12'
I:Processing '/usbotg-12'
I:Can't probe device /dev/block//sdb1
I:Unable to mount '/usbotg-6'
I:Actual block device: '/dev/block//sdb1', current file system: 'auto'
I:Can't probe device /dev/block//sda23
I:Unable to mount '/usbotg-12'
I:Actual block device: '/dev/block//sda23', current file system: 'auto'
/usbotg-12 | /dev/block//sda23 | Size: 0MB Used: 0MB Free: 0MB Backup Size: 0MB
   Flags: Can_Be_Mounted Can_Be_Wiped Wipe_Available_in_GUI Is_SubPartition Removable IsPresent Is_Storage 
   SubPartition_Of: /usbotg
   Primary_Block_Device: /dev/block//sda23
   Display_Name: 存储空间 12
   Storage_Name: 存储空间 12
   Backup_Path: /usbotg-12
   Backup_Display_Name: usbotg-12
   Storage_Path: /usbotg-12
   Current_File_System: auto
   Fstab_File_System: auto
   Backup_Method: none

I:Found an additional entry for '/usbotg-13'
I:Processing '/usbotg-13'
I:Can't probe device /dev/block//sdb9
I:Unable to mount '/usbotg-7'
I:Actual block device: '/dev/block//sdb9', current file system: 'auto'
I:Can't probe device /dev/block//sdb5
I:Unable to mount '/usbotg-8'
I:Actual block device: '/dev/block//sdb5', current file system: 'auto'
I:Can't probe device /dev/block//sdb3
I:Unable to mount '/usbotg-9'
I:Actual block device: '/dev/block//sdb3', current file system: 'auto'
/usbotg-13 | /dev/block//sda14 | Size: 4MB Used: 0MB Free: 4MB Backup Size: 0MB
   Flags: Can_Be_Mounted Can_Be_Wiped Wipe_Available_in_GUI Is_SubPartition Removable IsPresent Is_Storage 
   SubPartition_Of: /usbotg
   Primary_Block_Device: /dev/block//sda14
   Display_Name: 存储空间 13
   Storage_Name: 存储空间 13
   Backup_Path: /usbotg-13
   Backup_Display_Name: usbotg-13
   Storage_Path: /usbotg-13
   Current_File_System: vfat
   Fstab_File_System: auto
   Backup_Method: none

I:Found an additional entry for '/usbotg-14'
I:Processing '/usbotg-14'
I:Can't probe device /dev/block//sda3
I:Unable to mount '/usbotg-14'
I:Actual block device: '/dev/block//sda3', current file system: 'auto'
/usbotg-14 | /dev/block//sda3 | Size: 0MB Used: 0MB Free: 0MB Backup Size: 0MB
   Flags: Can_Be_Mounted Can_Be_Wiped Wipe_Available_in_GUI Is_SubPartition Removable IsPresent Is_Storage 
   SubPartition_Of: /usbotg
   Primary_Block_Device: /dev/block//sda3
   Display_Name: 存储空间 14
   Storage_Name: 存储空间 14
   Backup_Path: /usbotg-14
   Backup_Display_Name: usbotg-14
   Storage_Path: /usbotg-14
   Current_File_System: auto
   Fstab_File_System: auto
   Backup_Method: none

I:Found an additional entry for '/usbotg-15'
I:Processing '/usbotg-15'
I:Can't probe device /dev/block//sde70
I:Unable to mount '/usbotg-1'
I:Actual block device: '/dev/block//sde70', current file system: 'auto'
I:Can't probe device /dev/block//sda24
I:Unable to mount '/usbotg-15'
I:Actual block device: '/dev/block//sda24', current file system: 'auto'
/usbotg-15 | /dev/block//sda24 | Size: 0MB Used: 0MB Free: 0MB Backup Size: 0MB
   Flags: Can_Be_Mounted Can_Be_Wiped Wipe_Available_in_GUI Is_SubPartition Removable IsPresent Is_Storage 
   SubPartition_Of: /usbotg
   Primary_Block_Device: /dev/block//sda24
   Display_Name: 存储空间 15
   Storage_Name: 存储空间 15
   Backup_Path: /usbotg-15
   Backup_Display_Name: usbotg-15
   Storage_Path: /usbotg-15
   Current_File_System: auto
   Fstab_File_System: auto
   Backup_Method: none

I:Found an additional entry for '/usbotg-16'
I:Processing '/usbotg-16'
I:Can't probe device /dev/block//sda1
I:Unable to mount '/usbotg-16'
I:Actual block device: '/dev/block//sda1', current file system: 'auto'
/usbotg-16 | /dev/block//sda1 | Size: 0MB Used: 0MB Free: 0MB Backup Size: 0MB
   Flags: Can_Be_Mounted Can_Be_Wiped Wipe_Available_in_GUI Is_SubPartition Removable IsPresent Is_Storage 
   SubPartition_Of: /usbotg
   Primary_Block_Device: /dev/block//sda1
   Display_Name: 存储空间 16
   Storage_Name: 存储空间 16
   Backup_Path: /usbotg-16
   Backup_Display_Name: usbotg-16
   Storage_Path: /usbotg-16
   Current_File_System: auto
   Fstab_File_System: auto
   Backup_Method: none

I:Found an additional entry for '/usbotg-17'
I:Processing '/usbotg-17'
I:Can't probe device /dev/block//sde62
I:Unable to mount '/usbotg-2'
I:Actual block device: '/dev/block//sde62', current file system: 'auto'
I:Can't probe device /dev/block//sda29
I:Unable to mount '/usbotg-17'
I:Actual block device: '/dev/block//sda29', current file system: 'auto'
/usbotg-17 | /dev/block//sda29 | Size: 0MB Used: 0MB Free: 0MB Backup Size: 0MB
   Flags: Can_Be_Mounted Can_Be_Wiped Wipe_Available_in_GUI Is_SubPartition Removable IsPresent Is_Storage 
   SubPartition_Of: /usbotg
   Primary_Block_Device: /dev/block//sda29
   Display_Name: 存储空间 17
   Storage_Name: 存储空间 17
   Backup_Path: /usbotg-17
   Backup_Display_Name: usbotg-17
   Storage_Path: /usbotg-17
   Current_File_System: auto
   Fstab_File_System: auto
   Backup_Method: none

I:Found an additional entry for '/usbotg-18'
I:Processing '/usbotg-18'
I:Can't probe device /dev/block//sda5
I:Unable to mount '/usbotg-18'
I:Actual block device: '/dev/block//sda5', current file system: 'auto'
/usbotg-18 | /dev/block//sda5 | Size: 0MB Used: 0MB Free: 0MB Backup Size: 0MB
   Flags: Can_Be_Mounted Can_Be_Wiped Wipe_Available_in_GUI Is_SubPartition Removable IsPresent Is_Storage 
   SubPartition_Of: /usbotg
   Primary_Block_Device: /dev/block//sda5
   Display_Name: 存储空间 18
   Storage_Name: 存储空间 18
   Backup_Path: /usbotg-18
   Backup_Display_Name: usbotg-18
   Storage_Path: /usbotg-18
   Current_File_System: auto
   Fstab_File_System: auto
   Backup_Method: none

I:Found an additional entry for '/usbotg-19'
I:Processing '/usbotg-19'
I:Can't probe device /dev/block//sde42
I:Unable to mount '/usbotg-3'
I:Actual block device: '/dev/block//sde42', current file system: 'auto'
I:Unable to mount '/usbotg-19'
I:Actual block device: '/dev/block//sda20', current file system: 'f2fs'
/usbotg-19 | /dev/block//sda20 | Size: 0MB Used: 0MB Free: 0MB Backup Size: 0MB
   Flags: Can_Be_Mounted Can_Be_Wiped Wipe_Available_in_GUI Is_SubPartition Removable IsPresent Is_Storage 
   SubPartition_Of: /usbotg
   Primary_Block_Device: /dev/block//sda20
   Display_Name: 存储空间 19
   Storage_Name: 存储空间 19
   Backup_Path: /usbotg-19
   Backup_Display_Name: usbotg-19
   Storage_Path: /usbotg-19
   Current_File_System: f2fs
   Fstab_File_System: auto
   Backup_Method: none

I:Found an additional entry for '/usbotg-20'
I:Processing '/usbotg-20'
I:Can't probe device /dev/block//sde92
I:Unable to mount '/usbotg-4'
I:Actual block device: '/dev/block//sde92', current file system: 'auto'
I:Can't probe device /dev/block//sda19
I:Unable to mount '/usbotg-20'
I:Actual block device: '/dev/block//sda19', current file system: 'auto'
/usbotg-20 | /dev/block//sda19 | Size: 0MB Used: 0MB Free: 0MB Backup Size: 0MB
   Flags: Can_Be_Mounted Can_Be_Wiped Wipe_Available_in_GUI Is_SubPartition Removable IsPresent Is_Storage 
   SubPartition_Of: /usbotg
   Primary_Block_Device: /dev/block//sda19
   Display_Name: 存储空间 20
   Storage_Name: 存储空间 20
   Backup_Path: /usbotg-20
   Backup_Display_Name: usbotg-20
   Storage_Path: /usbotg-20
   Current_File_System: auto
   Fstab_File_System: auto
   Backup_Method: none

I:Found an additional entry for '/usbotg-21'
I:Processing '/usbotg-21'
I:Can't probe device /dev/block//sde34
I:Unable to mount '/usbotg-5'
I:Actual block device: '/dev/block//sde34', current file system: 'auto'
I:Can't probe device /dev/block//sde4
I:Unable to mount '/usbotg-6'
I:Actual block device: '/dev/block//sde4', current file system: 'auto'
I:Unable to mount '/usbotg-21'
I:Actual block device: '/dev/block//sda32', current file system: 'ext4'
/usbotg-21 | /dev/block//sda32 | Size: 0MB Used: 0MB Free: 0MB Backup Size: 0MB
   Flags: Can_Be_Mounted Can_Be_Wiped Wipe_Available_in_GUI Is_SubPartition Removable IsPresent Is_Storage 
   SubPartition_Of: /usbotg
   Primary_Block_Device: /dev/block//sda32
   Display_Name: 存储空间 21
   Storage_Name: 存储空间 21
   Backup_Path: /usbotg-21
   Backup_Display_Name: usbotg-21
   Storage_Path: /usbotg-21
   Current_File_System: ext4
   Fstab_File_System: auto
   Backup_Method: none

I:Found an additional entry for '/usbotg-22'
I:Processing '/usbotg-22'
I:Can't probe device /dev/block//sde24
I:Unable to mount '/usbotg-7'
I:Actual block device: '/dev/block//sde24', current file system: 'auto'
I:Can't probe device /dev/block//sda12
I:Unable to mount '/usbotg-22'
I:Actual block device: '/dev/block//sda12', current file system: 'auto'
/usbotg-22 | /dev/block//sda12 | Size: 0MB Used: 0MB Free: 0MB Backup Size: 0MB
   Flags: Can_Be_Mounted Can_Be_Wiped Wipe_Available_in_GUI Is_SubPartition Removable IsPresent Is_Storage 
   SubPartition_Of: /usbotg
   Primary_Block_Device: /dev/block//sda12
   Display_Name: 存储空间 22
   Storage_Name: 存储空间 22
   Backup_Path: /usbotg-22
   Backup_Display_Name: usbotg-22
   Storage_Path: /usbotg-22
   Current_File_System: auto
   Fstab_File_System: auto
   Backup_Method: none

I:Found an additional entry for '/usbotg-23'
I:Processing '/usbotg-23'
I:Can't probe device /dev/block//sda2
I:Unable to mount '/usbotg-23'
I:Actual block device: '/dev/block//sda2', current file system: 'auto'
/usbotg-23 | /dev/block//sda2 | Size: 0MB Used: 0MB Free: 0MB Backup Size: 0MB
   Flags: Can_Be_Mounted Can_Be_Wiped Wipe_Available_in_GUI Is_SubPartition Removable IsPresent Is_Storage 
   SubPartition_Of: /usbotg
   Primary_Block_Device: /dev/block//sda2
   Display_Name: 存储空间 23
   Storage_Name: 存储空间 23
   Backup_Path: /usbotg-23
   Backup_Display_Name: usbotg-23
   Storage_Path: /usbotg-23
   Current_File_System: auto
   Fstab_File_System: auto
   Backup_Method: none

I:Found an additional entry for '/usbotg-24'
I:Processing '/usbotg-24'
I:Can't probe device /dev/block//sda22
I:Unable to mount '/usbotg-24'
I:Actual block device: '/dev/block//sda22', current file system: 'auto'
/usbotg-24 | /dev/block//sda22 | Size: 0MB Used: 0MB Free: 0MB Backup Size: 0MB
   Flags: Can_Be_Mounted Can_Be_Wiped Wipe_Available_in_GUI Is_SubPartition Removable IsPresent Is_Storage 
   SubPartition_Of: /usbotg
   Primary_Block_Device: /dev/block//sda22
   Display_Name: 存储空间 24
I:Can't probe device /dev/block//sde14
   Storage_Name: 存储空间 24
I:Unable to mount '/usbotg-8'
I:Actual block device: '/dev/block//sde14', current file system: 'auto'
   Backup_Path: /usbotg-24
   Backup_Display_Name: usbotg-24
   Storage_Path: /usbotg-24
   Current_File_System: auto
   Fstab_File_System: auto
   Backup_Method: none

I:Found an additional entry for '/usbotg-25'
I:Processing '/usbotg-25'
I:Can't probe device /dev/block//sde56
I:Unable to mount '/usbotg-9'
I:Actual block device: '/dev/block//sde56', current file system: 'auto'
I:Can't probe device /dev/block//sda26
I:Unable to mount '/usbotg-25'
I:Actual block device: '/dev/block//sda26', current file system: 'auto'
/usbotg-25 | /dev/block//sda26 | Size: 0MB Used: 0MB Free: 0MB Backup Size: 0MB
   Flags: Can_Be_Mounted Can_Be_Wiped Wipe_Available_in_GUI Is_SubPartition Removable IsPresent Is_Storage 
   SubPartition_Of: /usbotg
   Primary_Block_Device: /dev/block//sda26
   Display_Name: 存储空间 25
   Storage_Name: 存储空间 25
   Backup_Path: /usbotg-25
   Backup_Display_Name: usbotg-25
   Storage_Path: /usbotg-25
   Current_File_System: auto
   Fstab_File_System: auto
   Backup_Method: none

I:Found an additional entry for '/usbotg-26'
I:Processing '/usbotg-26'
I:Can't probe device /dev/block//sda4
I:Unable to mount '/usbotg-26'
I:Actual block device: '/dev/block//sda4', current file system: 'auto'
/usbotg-26 | /dev/block//sda4 | Size: 0MB Used: 0MB Free: 0MB Backup Size: 0MB
   Flags: Can_Be_Mounted Can_Be_Wiped Wipe_Available_in_GUI Is_SubPartition Removable IsPresent Is_Storage 
   SubPartition_Of: /usbotg
   Primary_Block_Device: /dev/block//sda4
   Display_Name: 存储空间 26
   Storage_Name: 存储空间 26
   Backup_Path: /usbotg-26
   Backup_Display_Name: usbotg-26
   Storage_Path: /usbotg-26
   Current_File_System: auto
   Fstab_File_System: auto
   Backup_Method: none

I:Found an additional entry for '/usbotg-27'
I:Processing '/usbotg-27'
I:Can't probe device /dev/block//sde6
I:Unable to mount '/usbotg-10'
I:Actual block device: '/dev/block//sde6', current file system: 'auto'
I:Can't probe device /dev/block//sda13
I:Unable to mount '/usbotg-27'
I:Actual block device: '/dev/block//sda13', current file system: 'auto'
/usbotg-27 | /dev/block//sda13 | Size: 0MB Used: 0MB Free: 0MB Backup Size: 0MB
   Flags: Can_Be_Mounted Can_Be_Wiped Wipe_Available_in_GUI Is_SubPartition Removable IsPresent Is_Storage 
   SubPartition_Of: /usbotg
   Primary_Block_Device: /dev/block//sda13
   Display_Name: 存储空间 27
   Storage_Name: 存储空间 27
   Backup_Path: /usbotg-27
   Backup_Display_Name: usbotg-27
   Storage_Path: /usbotg-27
   Current_File_System: auto
   Fstab_File_System: auto
   Backup_Method: none

I:Found an additional entry for '/usbotg-28'
I:Processing '/usbotg-28'
I:Can't probe device /dev/block//sda31
I:Unable to mount '/usbotg-28'
I:Actual block device: '/dev/block//sda31', current file system: 'auto'
/usbotg-28 | /dev/block//sda31 | Size: 0MB Used: 0MB Free: 0MB Backup Size: 0MB
   Flags: Can_Be_Mounted Can_Be_Wiped Wipe_Available_in_GUI Is_SubPartition Removable IsPresent Is_Storage 
   SubPartition_Of: /usbotg
   Primary_Block_Device: /dev/block//sda31
   Display_Name: 存储空间 28
   Storage_Name: 存储空间 28
   Backup_Path: /usbotg-28
   Backup_Display_Name: usbotg-28
   Storage_Path: /usbotg-28
   Current_File_System: auto
   Fstab_File_System: auto
   Backup_Method: none

I:Found an additional entry for '/usbotg-29'
I:Processing '/usbotg-29'
I:Can't probe device /dev/block//sda27
I:Unable to mount '/usbotg-29'
I:Actual block device: '/dev/block//sda27', current file system: 'auto'
/usbotg-29 | /dev/block//sda27 | Size: 0MB Used: 0MB Free: 0MB Backup Size: 0MB
   Flags: Can_Be_Mounted Can_Be_Wiped Wipe_Available_in_GUI Is_SubPartition Removable IsPresent Is_Storage 
   SubPartition_Of: /usbotg
   Primary_Block_Device: /dev/block//sda27
   Display_Name: 存储空间 29
   Storage_Name: 存储空间 29
   Backup_Path: /usbotg-29
   Backup_Display_Name: usbotg-29
   Storage_Path: /usbotg-29
   Current_File_System: auto
   Fstab_File_System: auto
   Backup_Method: none

I:Found an additional entry for '/usbotg-30'
I:Processing '/usbotg-30'
I:Can't probe device /dev/block//sde90
I:Unable to mount '/usbotg-12'
I:Actual block device: '/dev/block//sde90', current file system: 'auto'
/usbotg-30 | /dev/block//sda17 | Size: 28MB Used: 27MB Free: 0MB Backup Size: 27MB
   Flags: Can_Be_Mounted Can_Be_Wiped Wipe_Available_in_GUI Is_SubPartition Removable IsPresent Is_Storage 
   SubPartition_Of: /usbotg
   Primary_Block_Device: /dev/block//sda17
   Display_Name: 存储空间 30
   Storage_Name: 存储空间 30
   Backup_Path: /usbotg-30
   Backup_Display_Name: usbotg-30
   Storage_Path: /usbotg-30
   Current_File_System: ext4
   Fstab_File_System: auto
   Backup_Method: none

I:Found an additional entry for '/usbotg-31'
I:Processing '/usbotg-31'
I:Can't probe device /dev/block//sda9
I:Unable to mount '/usbotg-31'
I:Actual block device: '/dev/block//sda9', current file system: 'auto'
/usbotg-31 | /dev/block//sda9 | Size: 0MB Used: 0MB Free: 0MB Backup Size: 0MB
   Flags: Can_Be_Mounted Can_Be_Wiped Wipe_Available_in_GUI Is_SubPartition Removable IsPresent Is_Storage 
   SubPartition_Of: /usbotg
   Primary_Block_Device: /dev/block//sda9
   Display_Name: 存储空间 31
   Storage_Name: 存储空间 31
   Backup_Path: /usbotg-31
   Backup_Display_Name: usbotg-31
   Storage_Path: /usbotg-31
   Current_File_System: auto
   Fstab_File_System: auto
   Backup_Method: none

I:Found an additional entry for '/usbotg-32'
I:Processing '/usbotg-32'
I:Can't probe device /dev/block//sde72
I:Unable to mount '/usbotg-14'
I:Actual block device: '/dev/block//sde72', current file system: 'auto'
I:Can't probe device /dev/block//sda30
I:Unable to mount '/usbotg-32'
I:Actual block device: '/dev/block//sda30', current file system: 'auto'
/usbotg-32 | /dev/block//sda30 | Size: 0MB Used: 0MB Free: 0MB Backup Size: 0MB
   Flags: Can_Be_Mounted Can_Be_Wiped Wipe_Available_in_GUI Is_SubPartition Removable IsPresent Is_Storage 
   SubPartition_Of: /usbotg
   Primary_Block_Device: /dev/block//sda30
   Display_Name: 存储空间 32
   Storage_Name: 存储空间 32
   Backup_Path: /usbotg-32
   Backup_Display_Name: usbotg-32
   Storage_Path: /usbotg-32
   Current_File_System: auto
   Fstab_File_System: auto
   Backup_Method: none

I:Found an additional entry for '/usbotg-33'
I:Processing '/usbotg-33'
I:Can't probe device /dev/block//sde86
I:Unable to mount '/usbotg-15'
I:Actual block device: '/dev/block//sde86', current file system: 'auto'
I:Can't probe device /dev/block//sde28
I:Unable to mount '/usbotg-16'
I:Actual block device: '/dev/block//sde28', current file system: 'auto'
I:Unable to unmount '/usbotg-33'
/usbotg-33 | /dev/block//sda16 | Size: 102MB Used: 100MB Free: 2MB Backup Size: 100MB
   Flags: Can_Be_Mounted Can_Be_Wiped Wipe_Available_in_GUI Is_SubPartition Removable IsPresent Is_Storage 
   SubPartition_Of: /usbotg
   Primary_Block_Device: /dev/block//sda16
   Display_Name: 存储空间 33
   Storage_Name: 存储空间 33
   Backup_Path: /usbotg-33
   Backup_Display_Name: usbotg-33
   Storage_Path: /usbotg-33
   Current_File_System: ext4
   Fstab_File_System: auto
   Backup_Method: none

I:Found an additional entry for '/usbotg-34'
I:Processing '/usbotg-34'
I:Can't probe device /dev/block//sde84
I:Unable to mount '/usbotg-17'
I:Actual block device: '/dev/block//sde84', current file system: 'auto'
I:Can't probe device /dev/block//sda34
I:Unable to mount '/usbotg-34'
I:Actual block device: '/dev/block//sda34', current file system: 'auto'
/usbotg-34 | /dev/block//sda34 | Size: 0MB Used: 0MB Free: 0MB Backup Size: 0MB
   Flags: Can_Be_Mounted Can_Be_Wiped Wipe_Available_in_GUI Is_SubPartition Removable IsPresent Is_Storage 
   SubPartition_Of: /usbotg
   Primary_Block_Device: /dev/block//sda34
   Display_Name: 存储空间 34
   Storage_Name: 存储空间 34
   Backup_Path: /usbotg-34
   Backup_Display_Name: usbotg-34
   Storage_Path: /usbotg-34
   Current_File_System: auto
   Fstab_File_System: auto
   Backup_Method: none

I:Can't probe device /dev/block//sde46
I:Unable to mount '/usbotg-19'
I:Actual block device: '/dev/block//sde46', current file system: 'auto'
I:Can't probe device /dev/block//sde64
I:Unable to mount '/usbotg-20'
I:Actual block device: '/dev/block//sde64', current file system: 'auto'
I:Can't probe device /dev/block//sde1
I:Unable to mount '/usbotg-21'
I:Actual block device: '/dev/block//sde1', current file system: 'auto'
I:Can't probe device /dev/block//sde58
I:Unable to mount '/usbotg-22'
I:Actual block device: '/dev/block//sde58', current file system: 'auto'
I:Can't probe device /dev/block//sde48
I:Unable to mount '/usbotg-23'
I:Actual block device: '/dev/block//sde48', current file system: 'auto'
I:Can't probe device /dev/block//sde18
I:Unable to mount '/usbotg-24'
I:Actual block device: '/dev/block//sde18', current file system: 'auto'
I:Can't probe device /dev/block//sde38
I:Unable to mount '/usbotg-25'
I:Actual block device: '/dev/block//sde38', current file system: 'auto'
I:Can't probe device /dev/block//sde94
I:Unable to mount '/usbotg-26'
I:Actual block device: '/dev/block//sde94', current file system: 'auto'
I:Can't probe device /dev/block//sde61
I:Unable to mount '/usbotg-27'
I:Actual block device: '/dev/block//sde61', current file system: 'auto'
I:Can't probe device /dev/block//sde31
I:Unable to mount '/usbotg-28'
I:Actual block device: '/dev/block//sde31', current file system: 'auto'
I:Can't probe device /dev/block//sde88
I:Unable to mount '/usbotg-29'
I:Actual block device: '/dev/block//sde88', current file system: 'auto'
I:Can't probe device /dev/block//sde76
I:Unable to mount '/usbotg-30'
I:Actual block device: '/dev/block//sde76', current file system: 'auto'
I:Can't probe device /dev/block//sde78
I:Unable to mount '/usbotg-31'
I:Actual block device: '/dev/block//sde78', current file system: 'auto'
I:Can't probe device /dev/block//sde96
I:Unable to mount '/usbotg-32'
I:Actual block device: '/dev/block//sde96', current file system: 'auto'
I:Can't probe device /dev/block//sde3
I:Unable to mount '/usbotg-35'
I:Actual block device: '/dev/block//sde3', current file system: 'auto'
I:Can't probe device /dev/block//sde21
I:Unable to mount '/usbotg-36'
I:Actual block device: '/dev/block//sde21', current file system: 'auto'
I:Can't probe device /dev/block//sde98
I:Unable to mount '/usbotg-38'
I:Actual block device: '/dev/block//sde98', current file system: 'auto'
I:Can't probe device /dev/block//sde55
I:Unable to mount '/usbotg-39'
I:Actual block device: '/dev/block//sde55', current file system: 'auto'
I:Can't probe device /dev/block//sde5
I:Unable to mount '/usbotg-40'
I:Actual block device: '/dev/block//sde5', current file system: 'auto'
I:Can't probe device /dev/block//sde25
I:Unable to mount '/usbotg-41'
I:Actual block device: '/dev/block//sde25', current file system: 'auto'
I:Can't probe device /dev/block//sde23
I:Unable to mount '/usbotg-42'
I:Actual block device: '/dev/block//sde23', current file system: 'auto'
I:Can't probe device /dev/block//sde81
I:Unable to mount '/usbotg-43'
I:Actual block device: '/dev/block//sde81', current file system: 'auto'
I:Can't probe device /dev/block//sde71
I:Unable to mount '/usbotg-44'
I:Actual block device: '/dev/block//sde71', current file system: 'auto'
I:Can't probe device /dev/block//sde19
I:Unable to mount '/usbotg-45'
I:Actual block device: '/dev/block//sde19', current file system: 'auto'
I:Can't probe device /dev/block//sde27
I:Unable to mount '/usbotg-46'
I:Actual block device: '/dev/block//sde27', current file system: 'auto'
I:Can't probe device /dev/block//sde83
I:Unable to mount '/usbotg-47'
I:Actual block device: '/dev/block//sde83', current file system: 'auto'
I:Can't probe device /dev/block//sde53
I:Unable to mount '/usbotg-48'
I:Actual block device: '/dev/block//sde53', current file system: 'auto'
I:Can't probe device /dev/block//sde80
I:Unable to mount '/usbotg-50'
I:Actual block device: '/dev/block//sde80', current file system: 'auto'
I:Can't probe device /dev/block//sde45
I:Unable to mount '/usbotg-51'
I:Actual block device: '/dev/block//sde45', current file system: 'auto'
I:Can't probe device /dev/block//sde63
I:Unable to mount '/usbotg-52'
I:Actual block device: '/dev/block//sde63', current file system: 'auto'
I:Can't probe device /dev/block//sde10
I:Unable to mount '/usbotg-53'
I:Actual block device: '/dev/block//sde10', current file system: 'auto'
I:Can't probe device /dev/block//sde16
I:Unable to mount '/usbotg-54'
I:Actual block device: '/dev/block//sde16', current file system: 'auto'
I:Can't probe device /dev/block//sde85
I:Unable to mount '/usbotg-55'
I:Actual block device: '/dev/block//sde85', current file system: 'auto'
I:Can't probe device /dev/block//sde44
I:Unable to mount '/usbotg-56'
I:Actual block device: '/dev/block//sde44', current file system: 'auto'
I:Can't probe device /dev/block//sde47
I:Unable to mount '/usbotg-57'
I:Actual block device: '/dev/block//sde47', current file system: 'auto'
I:Can't probe device /dev/block//sde17
I:Unable to mount '/usbotg-58'
I:Actual block device: '/dev/block//sde17', current file system: 'auto'
I:Can't probe device /dev/block//sde74
I:Unable to mount '/usbotg-59'
I:Actual block device: '/dev/block//sde74', current file system: 'auto'
I:Can't probe device /dev/block//sde37
I:Unable to mount '/usbotg-60'
I:Actual block device: '/dev/block//sde37', current file system: 'auto'
I:Can't probe device /dev/block//sde36
I:Unable to mount '/usbotg-61'
I:Actual block device: '/dev/block//sde36', current file system: 'auto'
I:Can't probe device /dev/block//sde93
I:Unable to mount '/usbotg-62'
I:Actual block device: '/dev/block//sde93', current file system: 'auto'
I:Can't probe device /dev/block//sde69
I:Unable to mount '/usbotg-63'
I:Actual block device: '/dev/block//sde69', current file system: 'auto'
I:Can't probe device /dev/block//sde77
I:Unable to mount '/usbotg-64'
I:Actual block device: '/dev/block//sde77', current file system: 'auto'
I:Can't probe device /dev/block//sde66
I:Unable to mount '/usbotg-65'
I:Actual block device: '/dev/block//sde66', current file system: 'auto'
I:Can't probe device /dev/block//sde39
I:Unable to mount '/usbotg-67'
I:Actual block device: '/dev/block//sde39', current file system: 'auto'
I:Can't probe device /dev/block//sde57
I:Unable to mount '/usbotg-70'
I:Actual block device: '/dev/block//sde57', current file system: 'auto'
I:Can't probe device /dev/block//sde60
I:Unable to mount '/usbotg-71'
I:Actual block device: '/dev/block//sde60', current file system: 'auto'
I:Can't probe device /dev/block//sde68
I:Unable to mount '/usbotg-73'
I:Actual block device: '/dev/block//sde68', current file system: 'auto'
I:Can't probe device /dev/block//sde13
I:Unable to mount '/usbotg-75'
I:Actual block device: '/dev/block//sde13', current file system: 'auto'
I:Can't probe device /dev/block//sde97
I:Unable to mount '/usbotg-76'
I:Actual block device: '/dev/block//sde97', current file system: 'auto'
I:Can't probe device /dev/block//sde67
I:Unable to mount '/usbotg-77'
I:Actual block device: '/dev/block//sde67', current file system: 'auto'
I:Can't probe device /dev/block//sde41
I:Unable to mount '/usbotg-78'
I:Actual block device: '/dev/block//sde41', current file system: 'auto'
I:Can't probe device /dev/block//sde59
I:Unable to mount '/usbotg-79'
I:Actual block device: '/dev/block//sde59', current file system: 'auto'
I:Can't probe device /dev/block//sde49
I:Unable to mount '/usbotg-80'
I:Actual block device: '/dev/block//sde49', current file system: 'auto'
I:Can't probe device /dev/block//sde15
I:Unable to mount '/usbotg-81'
I:Actual block device: '/dev/block//sde15', current file system: 'auto'
I:Can't probe device /dev/block//sde32
I:Unable to mount '/usbotg-82'
I:Actual block device: '/dev/block//sde32', current file system: 'auto'
I:Can't probe device /dev/block//sde43
I:Unable to mount '/usbotg-83'
I:Actual block device: '/dev/block//sde43', current file system: 'auto'
I:Can't probe device /dev/block//sde2
I:Unable to mount '/usbotg-84'
I:Actual block device: '/dev/block//sde2', current file system: 'auto'
I:Can't probe device /dev/block//sde30
I:Unable to mount '/usbotg-85'
I:Actual block device: '/dev/block//sde30', current file system: 'auto'
I:Can't probe device /dev/block//sde73
I:Unable to mount '/usbotg-86'
I:Actual block device: '/dev/block//sde73', current file system: 'auto'
I:Can't probe device /dev/block//sde22
I:Unable to mount '/usbotg-87'
I:Actual block device: '/dev/block//sde22', current file system: 'auto'
I:Can't probe device /dev/block//sde12
I:Unable to mount '/usbotg-88'
I:Actual block device: '/dev/block//sde12', current file system: 'auto'
I:Can't probe device /dev/block//sde35
I:Unable to mount '/usbotg-89'
I:Actual block device: '/dev/block//sde35', current file system: 'auto'
I:Can't probe device /dev/block//sde65
I:Unable to mount '/usbotg-90'
I:Actual block device: '/dev/block//sde65', current file system: 'auto'
I:Can't probe device /dev/block//sde89
I:Unable to mount '/usbotg-92'
I:Actual block device: '/dev/block//sde89', current file system: 'auto'
I:Can't probe device /dev/block//sde29
I:Unable to mount '/usbotg-94'
I:Actual block device: '/dev/block//sde29', current file system: 'auto'
I:Can't probe device /dev/block//sde87
I:Unable to mount '/usbotg-95'
I:Actual block device: '/dev/block//sde87', current file system: 'auto'
I:Can't probe device /dev/block//sde20
I:Unable to mount '/usbotg-96'
I:Actual block device: '/dev/block//sde20', current file system: 'auto'
I:Can't probe device /dev/block//sde79
I:Unable to mount '/usbotg-98'
I:Actual block device: '/dev/block//sde79', current file system: 'auto'
I:Can't probe device /dev/block//sdc9
I:Unable to mount '/usbotg-1'
I:Actual block device: '/dev/block//sdc9', current file system: 'auto'
I:Can't probe device /dev/block//sdc4
I:Unable to mount '/usbotg-2'
I:Actual block device: '/dev/block//sdc4', current file system: 'auto'
I:Can't probe device /dev/block//sdc2
I:Unable to mount '/usbotg-3'
I:Actual block device: '/dev/block//sdc2', current file system: 'auto'
I:Can't probe device /dev/block//sdc6
I:Unable to mount '/usbotg-4'
I:Actual block device: '/dev/block//sdc6', current file system: 'auto'
I:Can't probe device /dev/block//sdc7
I:Unable to mount '/usbotg-5'
I:Actual block device: '/dev/block//sdc7', current file system: 'auto'
I:Can't probe device /dev/block//sdc3
I:Unable to mount '/usbotg-6'
I:Actual block device: '/dev/block//sdc3', current file system: 'auto'
I:Can't probe device /dev/block//sdc5
I:Unable to mount '/usbotg-7'
I:Actual block device: '/dev/block//sdc5', current file system: 'auto'
I:Can't probe device /dev/block//sdc1
I:Unable to mount '/usbotg-8'
I:Actual block device: '/dev/block//sdc1', current file system: 'auto'
I:Can't probe device /dev/block//sdc8
I:Unable to mount '/usbotg-9'
I:Actual block device: '/dev/block//sdc8', current file system: 'auto'
I:Can't probe device /dev/block//sda8
I:Unable to mount '/usbotg-1'
I:Actual block device: '/dev/block//sda8', current file system: 'auto'
I:Can't probe device /dev/block//sda11
I:Unable to mount '/usbotg-2'
I:Actual block device: '/dev/block//sda11', current file system: 'auto'
I:Can't probe device /dev/block//sda15
I:Unable to mount '/usbotg-3'
I:Actual block device: '/dev/block//sda15', current file system: 'auto'
I:Can't probe device /dev/block//sda25
I:Unable to mount '/usbotg-4'
I:Actual block device: '/dev/block//sda25', current file system: 'auto'
I:Can't probe device /dev/block//sda6
I:Unable to mount '/usbotg-5'
I:Actual block device: '/dev/block//sda6', current file system: 'auto'
I:Can't probe device /dev/block//sda7
I:Unable to mount '/usbotg-7'
I:Actual block device: '/dev/block//sda7', current file system: 'auto'
I:Can't probe device /dev/block//sda21
I:Unable to mount '/usbotg-8'
I:Actual block device: '/dev/block//sda21', current file system: 'auto'
I:Can't probe device /dev/block//sda10
I:Unable to mount '/usbotg-9'
I:Actual block device: '/dev/block//sda10', current file system: 'auto'
I:Can't probe device /dev/block//sda28
I:Unable to mount '/usbotg-10'
I:Actual block device: '/dev/block//sda28', current file system: 'auto'
I:Can't probe device /dev/block//sda33
I:Unable to mount '/usbotg-11'
I:Actual block device: '/dev/block//sda33', current file system: 'auto'
I:Can't probe device /dev/block//sda23
I:Unable to mount '/usbotg-12'
I:Actual block device: '/dev/block//sda23', current file system: 'auto'
I:Can't probe device /dev/block//sda3
I:Unable to mount '/usbotg-14'
I:Actual block device: '/dev/block//sda3', current file system: 'auto'
I:Can't probe device /dev/block//sda24
I:Unable to mount '/usbotg-15'
I:Actual block device: '/dev/block//sda24', current file system: 'auto'
I:Can't probe device /dev/block//sda1
I:Unable to mount '/usbotg-16'
I:Actual block device: '/dev/block//sda1', current file system: 'auto'
I:Can't probe device /dev/block//sda29
I:Unable to mount '/usbotg-17'
I:Actual block device: '/dev/block//sda29', current file system: 'auto'
I:Can't probe device /dev/block//sda5
I:Unable to mount '/usbotg-18'
I:Actual block device: '/dev/block//sda5', current file system: 'auto'
I:Unable to mount '/usbotg-19'
I:Actual block device: '/dev/block//sda20', current file system: 'f2fs'
I:Can't probe device /dev/block//sda19
I:Unable to mount '/usbotg-20'
I:Actual block device: '/dev/block//sda19', current file system: 'auto'
I:Unable to mount '/usbotg-21'
I:Actual block device: '/dev/block//sda32', current file system: 'ext4'
I:Can't probe device /dev/block//sda12
I:Unable to mount '/usbotg-22'
I:Actual block device: '/dev/block//sda12', current file system: 'auto'
I:Can't probe device /dev/block//sda2
I:Unable to mount '/usbotg-23'
I:Actual block device: '/dev/block//sda2', current file system: 'auto'
I:Can't probe device /dev/block//sda22
I:Unable to mount '/usbotg-24'
I:Actual block device: '/dev/block//sda22', current file system: 'auto'
I:Can't probe device /dev/block//sda26
I:Unable to mount '/usbotg-25'
I:Actual block device: '/dev/block//sda26', current file system: 'auto'
I:Can't probe device /dev/block//sda4
I:Unable to mount '/usbotg-26'
I:Actual block device: '/dev/block//sda4', current file system: 'auto'
I:Can't probe device /dev/block//sda13
I:Unable to mount '/usbotg-27'
I:Actual block device: '/dev/block//sda13', current file system: 'auto'
I:Can't probe device /dev/block//sda31
I:Unable to mount '/usbotg-28'
I:Actual block device: '/dev/block//sda31', current file system: 'auto'
I:Can't probe device /dev/block//sda27
I:Unable to mount '/usbotg-29'
I:Actual block device: '/dev/block//sda27', current file system: 'auto'
I:Can't probe device /dev/block//sda9
I:Unable to mount '/usbotg-31'
I:Actual block device: '/dev/block//sda9', current file system: 'auto'
I:Can't probe device /dev/block//sda30
I:Unable to mount '/usbotg-32'
I:Actual block device: '/dev/block//sda30', current file system: 'auto'
I:Can't probe device /dev/block//sda34
I:Unable to mount '/usbotg-34'
I:Actual block device: '/dev/block//sda34', current file system: 'auto'
…完成
I:Set page: 'main'
I:Set page: 'clear_vars'
I:Set page: 'main2'
I:operation_end - status=0
I:Set page: 'main'
I:Set page: 'clear_vars'
I:Set page: 'main2'
SELinux contexts loaded from /file_contexts
完整 SELinux 支持。
I:Switching packages (TWRP)


Partition Logs:
/system_root | /dev/block/dm-2 | Size: 803MB Used: 803MB Free: 0MB Backup Size: 803MB
   Flags: Can_Be_Mounted IsPresent SlotSelect Mount_Read_Only Is_Super 
   Primary_Block_Device: /dev/block/dm-2
   Display_Name: System
   Storage_Name: System
   Backup_Path: /system_root
   Backup_Name: system
   Backup_Display_Name: System
   Storage_Path: /system_root
   Current_File_System: erofs
   Fstab_File_System: ext4
   Backup_Method: files

/system_ext | /dev/block/dm-4 | Size: 628MB Used: 628MB Free: 0MB Backup Size: 628MB
   Flags: Can_Be_Mounted IsPresent SlotSelect Mount_Read_Only Is_Super 
   Primary_Block_Device: /dev/block/dm-4
   Display_Name: System_EXT
   Storage_Name: System_EXT
   Backup_Path: /system_ext
   Backup_Name: System_EXT
   Backup_Display_Name: System_EXT
   Storage_Path: /system_ext
   Current_File_System: erofs
   Fstab_File_System: ext4
   Backup_Method: files

/product | /dev/block/dm-1 | Size: 3527MB Used: 3527MB Free: 0MB Backup Size: 3527MB
   Flags: Can_Be_Mounted IsPresent SlotSelect Mount_Read_Only Is_Super 
   Primary_Block_Device: /dev/block/dm-1
   Display_Name: Product
   Storage_Name: Product
   Backup_Path: /product
   Backup_Name: Product
   Backup_Display_Name: Product
   Storage_Path: /product
   Current_File_System: erofs
   Fstab_File_System: ext4
   Backup_Method: files

/vendor | /dev/block/dm-5 | Size: 894MB Used: 894MB Free: 0MB Backup Size: 894MB
   Flags: Can_Be_Mounted IsPresent SlotSelect Mount_Read_Only Is_Super 
   Primary_Block_Device: /dev/block/dm-5
   Display_Name: Vendor
   Storage_Name: Vendor
   Backup_Path: /vendor
   Backup_Name: vendor
   Backup_Display_Name: Vendor
   Storage_Path: /vendor
   Current_File_System: erofs
   Fstab_File_System: ext4
   Backup_Method: files

/vendor_dlkm | /dev/block/dm-6 | Size: 50MB Used: 50MB Free: 0MB Backup Size: 50MB
   Flags: Can_Be_Mounted IsPresent SlotSelect Mount_Read_Only Is_Super 
   Primary_Block_Device: /dev/block/dm-6
   Display_Name: Vendor_DLKM
   Storage_Name: Vendor DLKM
   Backup_Path: /vendor_dlkm
   Backup_Name: vendor_dlkm
   Backup_Display_Name: Vendor DLKM
   Storage_Path: /vendor_dlkm
   Current_File_System: erofs
   Fstab_File_System: ext4
   Backup_Method: files

/system_dlkm | /dev/block/dm-3 | Size: 15MB Used: 15MB Free: 0MB Backup Size: 15MB
   Flags: Can_Be_Mounted IsPresent SlotSelect Mount_Read_Only Is_Super 
   Primary_Block_Device: /dev/block/dm-3
   Display_Name: System_DLKM
   Storage_Name: system_dlkm
   Backup_Path: /system_dlkm
   Backup_Name: system_dlkm
   Backup_Display_Name: system_dlkm
   Storage_Path: /system_dlkm
   Current_File_System: erofs
   Fstab_File_System: ext4
   Backup_Method: files

/odm | /dev/block/dm-0 | Size: 4471MB Used: 4471MB Free: 0MB Backup Size: 4471MB
   Flags: Can_Be_Mounted IsPresent SlotSelect Mount_Read_Only Is_Super 
   Primary_Block_Device: /dev/block/dm-0
   Display_Name: ODM
   Storage_Name: ODM
   Backup_Path: /odm
   Backup_Name: ODM
   Backup_Display_Name: ODM
   Storage_Path: /odm
   Current_File_System: erofs
   Fstab_File_System: ext4
   Backup_Method: files

/mi_ext | /dev/block/dm-7 | Size: 0MB Used: 0MB Free: 0MB Backup Size: 0MB
   Flags: Can_Be_Mounted IsPresent SlotSelect Mount_Read_Only Is_Super 
   Primary_Block_Device: /dev/block/dm-7
   Display_Name: Mi_EXT
   Storage_Name: mi_ext
   Backup_Path: /mi_ext
   Backup_Name: mi_ext
   Backup_Display_Name: mi_ext
   Storage_Path: /mi_ext
   Current_File_System: erofs
   Fstab_File_System: ext4
   Backup_Method: files

/misc | /dev/block/sda12 | Size: 4MB
   Flags: Can_Be_Backed_Up IsPresent Can_Flash_Img 
   Primary_Block_Device: /dev/block/sda12
   Display_Name: Misc
   Storage_Name: misc
   Backup_Path: /misc
   Backup_Name: misc
   Backup_Display_Name: misc
   Storage_Path: /misc
   Current_File_System: emmc
   Fstab_File_System: emmc
   Backup_Method: dd

/mnt/vendor/persist | /dev/block/sdf8 | Size: 7479MB Used: 248MB Free: 7231MB Backup Size: 248MB
   Flags: Can_Be_Mounted Can_Be_Wiped IsPresent 
   Primary_Block_Device: /dev/block/sdf8
   Display_Name: mnt/vendor/persist
   Storage_Name: mnt/vendor/persist
   Backup_Path: /mnt/vendor/persist
   Backup_Name: mnt/vendor/persist
   Backup_Display_Name: mnt/vendor/persist
   Storage_Path: /mnt/vendor/persist
   Current_File_System: ext4
   Fstab_File_System: ext4
   Backup_Method: files
   Mount_Flags: 1030, Mount_Options: barrier=1

/usbotg |  | Size: 0MB
   Flags: Can_Be_Wiped Wipe_Available_in_GUI Has_SubPartition Removable Is_Storage 
   Primary_Block_Device: /dev/block/sda
   Alternate_Block_Device: /dev/block/sda
   Display_Name: 存储空间
   Storage_Name: 存储空间
   Backup_Path: /usbotg
   Backup_Name: usbotg
   Backup_Display_Name: 存储空间
   Storage_Path: /usbotg
   Current_File_System: auto
   Fstab_File_System: auto
   Backup_Method: files
   Mount_Flags: 6, Mount_Options: 
   MTP_Storage_ID: 65537

/storage/sdcard1 |  | Size: 0MB Used: 0MB Free: 0MB Backup Size: 0MB
   Flags: Can_Be_Mounted Can_Be_Wiped Wipe_Available_in_GUI Removable Is_Storage 
   Display_Name: storage/sdcard1
   Storage_Name: storage/sdcard1
   Backup_Path: /storage/sdcard1
   Backup_Name: storage/sdcard1
   Backup_Display_Name: storage/sdcard1
   Storage_Path: /storage/sdcard1
   Current_File_System: vfat
   Fstab_File_System: vfat
   Backup_Method: files
   Mount_Flags: 6, Mount_Options: 
   MTP_Storage_ID: 65538

/bluetooth | /dev/block/bootdevice/by-name/bluetooth_a | Size: 8MB
   Flags: Can_Be_Backed_Up Is_SubPartition IsPresent Can_Flash_Img SlotSelect 
   SubPartition_Of: /modem
   Primary_Block_Device: /dev/block/bootdevice/by-name/bluetooth
   Display_Name: bluetooth
   Storage_Name: bluetooth
   Backup_Path: /bluetooth
   Backup_Name: bluetooth
   Backup_Display_Name: bluetooth
   Storage_Path: /bluetooth
   Current_File_System: emmc
   Fstab_File_System: emmc
   Backup_Method: dd

/boot | /dev/block/bootdevice/by-name/boot_a | Size: 96MB
   Flags: Can_Be_Backed_Up IsPresent Can_Flash_Img SlotSelect 
   Primary_Block_Device: /dev/block/bootdevice/by-name/boot
   Display_Name: Boot
   Storage_Name: Boot
   Backup_Path: /boot
   Backup_Name: boot
   Backup_Display_Name: Boot
   Storage_Path: /boot
   Current_File_System: emmc
   Fstab_File_System: emmc
   Backup_Method: dd

/cache | /dev/block/sda32 | Size: 95MB Used: 6MB Free: 89MB Backup Size: 6MB
   Flags: Can_Be_Mounted Can_Be_Wiped Can_Be_Backed_Up Wipe_During_Factory_Reset Wipe_Available_in_GUI IsPresent 
   Primary_Block_Device: /dev/block/sda32
   Display_Name: Cache
   Storage_Name: Cache
   Backup_Path: /cache
   Backup_Name: cache
   Backup_Display_Name: Cache
   Storage_Path: /cache
   Current_File_System: ext4
   Fstab_File_System: auto
   Backup_Method: files

/dsp | /dev/block/bootdevice/by-name/dsp_a | Size: 74MB
   Flags: Can_Be_Backed_Up Is_SubPartition IsPresent Can_Flash_Img SlotSelect 
   SubPartition_Of: /modem
   Primary_Block_Device: /dev/block/bootdevice/by-name/dsp
   Display_Name: dsp
   Storage_Name: dsp
   Backup_Path: /dsp
   Backup_Name: dsp
   Backup_Display_Name: dsp
   Storage_Path: /dsp
   Current_File_System: emmc
   Fstab_File_System: emmc
   Backup_Method: dd

/dtbo | /dev/block/bootdevice/by-name/dtbo_a | Size: 32MB
   Flags: Can_Be_Backed_Up IsPresent Can_Flash_Img SlotSelect 
   Primary_Block_Device: /dev/block/bootdevice/by-name/dtbo
   Display_Name: DTBO
   Storage_Name: DTBO
   Backup_Path: /dtbo
   Backup_Name: dtbo
   Backup_Display_Name: DTBO
   Storage_Path: /dtbo
   Current_File_System: emmc
   Fstab_File_System: emmc
   Backup_Method: dd

/efs1 | /dev/block/sdf3 | Size: 8MB
   Flags: Can_Be_Backed_Up Has_SubPartition IsPresent 
   Primary_Block_Device: /dev/block/sdf3
   Display_Name: Efs
   Storage_Name: Efs
   Backup_Path: /efs1
   Backup_Name: efs1
   Backup_Display_Name: Efs
   Storage_Path: /efs1
   Current_File_System: emmc
   Fstab_File_System: emmc
   Backup_Method: dd

/efs2 | /dev/block/sdf4 | Size: 8MB
   Flags: Can_Be_Backed_Up Is_SubPartition IsPresent 
   SubPartition_Of: /efs1
   Primary_Block_Device: /dev/block/sdf4
   Display_Name: efs2
   Storage_Name: efs2
   Backup_Path: /efs2
   Backup_Name: efs2
   Backup_Display_Name: efs2
   Storage_Path: /efs2
   Current_File_System: emmc
   Fstab_File_System: emmc
   Backup_Method: dd

/efsc | /dev/block/sdf6 | Size: 0MB
   Flags: Can_Be_Backed_Up Is_SubPartition IsPresent 
   SubPartition_Of: /efs1
   Primary_Block_Device: /dev/block/sdf6
   Display_Name: efsc
   Storage_Name: efsc
   Backup_Path: /efsc
   Backup_Name: efsc
   Backup_Display_Name: efsc
   Storage_Path: /efsc
   Current_File_System: emmc
   Fstab_File_System: emmc
   Backup_Method: dd

/efsg | /dev/block/sdf5 | Size: 8MB
   Flags: Can_Be_Backed_Up Is_SubPartition IsPresent 
   SubPartition_Of: /efs1
   Primary_Block_Device: /dev/block/sdf5
   Display_Name: efsg
   Storage_Name: efsg
   Backup_Path: /efsg
   Backup_Name: efsg
   Backup_Display_Name: efsg
   Storage_Path: /efsg
   Current_File_System: emmc
   Fstab_File_System: emmc
   Backup_Method: dd

/init_boot | /dev/block/bootdevice/by-name/init_boot_a | Size: 8MB
   Flags: Can_Be_Backed_Up IsPresent Can_Flash_Img SlotSelect 
   Primary_Block_Device: /dev/block/bootdevice/by-name/init_boot
   Display_Name: Init Boot
   Storage_Name: Init Boot
   Backup_Path: /init_boot
   Backup_Name: init_boot
   Backup_Display_Name: Init Boot
   Storage_Path: /init_boot
   Current_File_System: emmc
   Fstab_File_System: emmc
   Backup_Method: dd

/modem | /dev/block/bootdevice/by-name/modem_a | Size: 159MB Used: 115MB Free: 43MB Backup Size: 115MB
   Flags: Can_Be_Mounted Can_Be_Wiped Has_SubPartition IsPresent SlotSelect Mount_Read_Only 
   Primary_Block_Device: /dev/block/bootdevice/by-name/modem
   Display_Name: Modem
   Storage_Name: Modem
   Backup_Path: /modem
   Backup_Name: modem
   Backup_Display_Name: Modem
   Storage_Path: /modem
   Current_File_System: vfat
   Fstab_File_System: vfat
   Backup_Method: files
   Mount_Flags: 0, Mount_Options: shortname=lower,uid=1000,gid=1000,dmask=227,fmask=337,context=u:object_r:firmware_file:s0 wait

/modem_image | /dev/block/bootdevice/by-name/modem | Size: 160MB
   Flags: Can_Be_Backed_Up IsPresent Can_Flash_Img 
   Primary_Block_Device: /dev/block/bootdevice/by-name/modem
   Display_Name: Modem
   Storage_Name: Modem
   Backup_Path: /modem_image
   Backup_Name: modem_image
   Backup_Display_Name: Modem
   Storage_Path: /modem_image
   Current_File_System: emmc
   Fstab_File_System: emmc
   Backup_Method: dd

/modemfirmware | /dev/block/bootdevice/by-name/modemfirmware_a | Size: 200MB
   Flags: Can_Be_Backed_Up Is_SubPartition IsPresent Can_Flash_Img SlotSelect 
   SubPartition_Of: /modem
   Primary_Block_Device: /dev/block/bootdevice/by-name/modemfirmware
   Display_Name: modemfirmware
   Storage_Name: modemfirmware
   Backup_Path: /modemfirmware
   Backup_Name: modemfirmware
   Backup_Display_Name: modemfirmware
   Storage_Path: /modemfirmware
   Current_File_System: emmc
   Fstab_File_System: emmc
   Backup_Method: dd

/persist | /dev/block/sdf8 | Size: 40MB Used: 9MB Free: 31MB Backup Size: 9MB
   Flags: Can_Be_Mounted Can_Be_Wiped IsPresent 
   Primary_Block_Device: /dev/block/sdf8
   Display_Name: Persist
   Storage_Name: Persist
   Backup_Path: /persist
   Backup_Name: persist
   Backup_Display_Name: Persist
   Storage_Path: /persist
   Current_File_System: ext4
   Fstab_File_System: ext4
   Backup_Method: files

/persist_image | /dev/block/sdf8 | Size: 46MB
   Flags: Can_Be_Backed_Up IsPresent Can_Flash_Img 
   Primary_Block_Device: /dev/block/sdf8
   Display_Name: Persist
   Storage_Name: Persist
   Backup_Path: /persist_image
   Backup_Name: persist_image
   Backup_Display_Name: Persist
   Storage_Path: /persist_image
   Current_File_System: emmc
   Fstab_File_System: emmc
   Backup_Method: dd

/recovery | /dev/block/bootdevice/by-name/recovery_a | Size: 100MB
   Flags: Can_Be_Backed_Up IsPresent Can_Flash_Img SlotSelect 
   Primary_Block_Device: /dev/block/bootdevice/by-name/recovery
   Display_Name: Recovery
   Storage_Name: Recovery
   Backup_Path: /recovery
   Backup_Name: recovery
   Backup_Display_Name: Recovery
   Storage_Path: /recovery
   Current_File_System: emmc
   Fstab_File_System: emmc
   Backup_Method: dd

/usb_otg |  | Size: 0MB Used: 0MB Free: 0MB Backup Size: 0MB
   Flags: Can_Be_Mounted Can_Be_Wiped Wipe_Available_in_GUI Removable Is_Storage 
   Primary_Block_Device: /dev/block/sdg1
   Alternate_Block_Device: /dev/block/sdg
   Display_Name: USB-OTG
   Storage_Name: USB-OTG
   Backup_Path: /usb_otg
   Backup_Name: usb_otg
   Backup_Display_Name: USB-OTG
   Storage_Path: /usb_otg
   Current_File_System: auto
   Fstab_File_System: auto
   Backup_Method: files
   Mount_Flags: 0, Mount_Options: utf8
   MTP_Storage_ID: 65539

/vbmeta |  | Size: 0MB
   Flags: 
   Primary_Block_Device: /dev/block/bootdevice/by-name/vbmeta
   Display_Name: vbmeta
   Storage_Name: vbmeta
   Backup_Path: /vbmeta
   Backup_Name: vbmeta
   Backup_Display_Name: vbmeta
   Storage_Path: /vbmeta
   Current_File_System: emmc
   Fstab_File_System: emmc
   Backup_Method: dd

/vbmeta_system |  | Size: 0MB
   Flags: 
   Primary_Block_Device: /dev/block/bootdevice/by-name/vbmeta_system
   Display_Name: vbmeta_system
   Storage_Name: vbmeta_system
   Backup_Path: /vbmeta_system
   Backup_Name: vbmeta_system
   Backup_Display_Name: vbmeta_system
   Storage_Path: /vbmeta_system
   Current_File_System: emmc
   Fstab_File_System: emmc
   Backup_Method: dd

/vendor_boot | /dev/block/bootdevice/by-name/vendor_boot_a | Size: 96MB
   Flags: Can_Be_Backed_Up IsPresent Can_Flash_Img SlotSelect 
   Primary_Block_Device: /dev/block/bootdevice/by-name/vendor_boot
   Display_Name: Vendor Boot
   Storage_Name: Vendor Boot
   Backup_Path: /vendor_boot
   Backup_Name: vendor_boot
   Backup_Display_Name: Vendor Boot
   Storage_Path: /vendor_boot
   Current_File_System: emmc
   Fstab_File_System: emmc
   Backup_Method: dd

/metadata | /dev/block/sda20 | Size: 62MB Used: 43MB Free: 18MB Backup Size: 43MB
   Flags: Can_Be_Mounted Can_Be_Wiped Wipe_Available_in_GUI IsPresent 
   Primary_Block_Device: /dev/block/sda20
   Display_Name: Metadata
   Storage_Name: Metadata
   Backup_Path: /metadata
   Backup_Name: metadata
   Backup_Display_Name: Metadata
   Storage_Path: /metadata
   Current_File_System: f2fs
   Fstab_File_System: f2fs
   Backup_Method: files
   Mount_Flags: 1030, Mount_Options: discard

/data | /dev/block/sda34 | Size: 486839MB Used: 11233MB Free: 451871MB Backup Size: 11233MB
   Flags: Can_Be_Mounted Can_Be_Wiped Can_Be_Backed_Up Wipe_During_Factory_Reset Wipe_Available_in_GUI IsPresent Can_Be_Encrypted Is_Encrypted Has_Data_Media Can_Encrypt_Backup Use_Userdata_Encryption Is_Storage Is_Settings_Storage 
   Symlink_Path: /data/media
   Symlink_Mount_Point: /sdcard
   Primary_Block_Device: /dev/block/sda34
   Decrypted_Block_Device: /dev/block/mapper/userdata
   Display_Name: Data
   Storage_Name: 内部存储空间
   Backup_Path: /data
   Backup_Name: data
   Backup_Display_Name: Data（不包含内部存储空间）
   Storage_Path: /data/media
   Current_File_System: f2fs
   Fstab_File_System: f2fs
   Backup_Method: files
   Mount_Flags: 1030, Mount_Options: discard,reserve_root=32768,resgid=1065,fsync_mode=nobarrier,inlinecrypt,atgc
   MTP_Storage_ID: 65540
   Metadata Key Directory: /metadata/vold/metadata_encryption

/super | /dev/block/by-name/super | Size: 14592MB
   Flags: Can_Be_Backed_Up IsPresent Can_Flash_Img 
   Alternate_Block_Device: /dev/block/by-name/super
   Display_Name: super
   Backup_Path: /super
   Backup_Name: super
   Backup_Display_Name: Super (system system_ext product vendor)
   Current_File_System: emmc
   Backup_Method: dd

/usbotg-1 | /dev/block//sdf2 | Size: 0MB Used: 0MB Free: 0MB Backup Size: 0MB
   Flags: Can_Be_Mounted Can_Be_Wiped Wipe_Available_in_GUI Is_SubPartition Removable IsPresent Is_Storage 
   SubPartition_Of: /usbotg
   Primary_Block_Device: /dev/block//sdf2
   Display_Name: 存储空间 1
   Storage_Name: 存储空间 1
   Backup_Path: /usbotg-1
   Backup_Name: usbotg-1
   Backup_Display_Name: usbotg-1
   Storage_Path: /usbotg-1
   Current_File_System: auto
   Fstab_File_System: auto
   Backup_Method: files

/usbotg-2 | /dev/block//sdf3 | Size: 0MB Used: 0MB Free: 0MB Backup Size: 0MB
   Flags: Can_Be_Mounted Can_Be_Wiped Wipe_Available_in_GUI Is_SubPartition Removable IsPresent Is_Storage 
   SubPartition_Of: /usbotg
   Primary_Block_Device: /dev/block//sdf3
   Display_Name: 存储空间 2
   Storage_Name: 存储空间 2
   Backup_Path: /usbotg-2
   Backup_Name: usbotg-2
   Backup_Display_Name: usbotg-2
   Storage_Path: /usbotg-2
   Current_File_System: auto
   Fstab_File_System: auto
   Backup_Method: files

/usbotg-3 | /dev/block//sdf5 | Size: 0MB Used: 0MB Free: 0MB Backup Size: 0MB
   Flags: Can_Be_Mounted Can_Be_Wiped Wipe_Available_in_GUI Is_SubPartition Removable IsPresent Is_Storage 
   SubPartition_Of: /usbotg
   Primary_Block_Device: /dev/block//sdf5
   Display_Name: 存储空间 3
   Storage_Name: 存储空间 3
   Backup_Path: /usbotg-3
   Backup_Name: usbotg-3
   Backup_Display_Name: usbotg-3
   Storage_Path: /usbotg-3
   Current_File_System: auto
   Fstab_File_System: auto
   Backup_Method: files

/usbotg-4 | /dev/block//sdf7 | Size: 0MB Used: 0MB Free: 0MB Backup Size: 0MB
   Flags: Can_Be_Mounted Can_Be_Wiped Wipe_Available_in_GUI Is_SubPartition Removable IsPresent Is_Storage 
   SubPartition_Of: /usbotg
   Primary_Block_Device: /dev/block//sdf7
   Display_Name: 存储空间 4
   Storage_Name: 存储空间 4
   Backup_Path: /usbotg-4
   Backup_Name: usbotg-4
   Backup_Display_Name: usbotg-4
   Storage_Path: /usbotg-4
   Current_File_System: auto
   Fstab_File_System: auto
   Backup_Method: files

/usbotg-5 | /dev/block//sdf4 | Size: 0MB Used: 0MB Free: 0MB Backup Size: 0MB
   Flags: Can_Be_Mounted Can_Be_Wiped Wipe_Available_in_GUI Is_SubPartition Removable IsPresent Is_Storage 
   SubPartition_Of: /usbotg
   Primary_Block_Device: /dev/block//sdf4
   Display_Name: 存储空间 5
   Storage_Name: 存储空间 5
   Backup_Path: /usbotg-5
   Backup_Name: usbotg-5
   Backup_Display_Name: usbotg-5
   Storage_Path: /usbotg-5
   Current_File_System: auto
   Fstab_File_System: auto
   Backup_Method: files

/usbotg-6 | /dev/block//sdf1 | Size: 0MB Used: 0MB Free: 0MB Backup Size: 0MB
   Flags: Can_Be_Mounted Can_Be_Wiped Wipe_Available_in_GUI Is_SubPartition Removable IsPresent Is_Storage 
   SubPartition_Of: /usbotg
   Primary_Block_Device: /dev/block//sdf1
   Display_Name: 存储空间 6
   Storage_Name: 存储空间 6
   Backup_Path: /usbotg-6
   Backup_Name: usbotg-6
   Backup_Display_Name: usbotg-6
   Storage_Path: /usbotg-6
   Current_File_System: auto
   Fstab_File_System: auto
   Backup_Method: files

/usbotg-7 | /dev/block//sdf6 | Size: 0MB Used: 0MB Free: 0MB Backup Size: 0MB
   Flags: Can_Be_Mounted Can_Be_Wiped Wipe_Available_in_GUI Is_SubPartition Removable IsPresent Is_Storage 
   SubPartition_Of: /usbotg
   Primary_Block_Device: /dev/block//sdf6
   Display_Name: 存储空间 7
   Storage_Name: 存储空间 7
   Backup_Path: /usbotg-7
   Backup_Name: usbotg-7
   Backup_Display_Name: usbotg-7
   Storage_Path: /usbotg-7
   Current_File_System: auto
   Fstab_File_System: auto
   Backup_Method: files

/usbotg-8 | /dev/block//sdf8 | Size: 40MB Used: 9MB Free: 31MB Backup Size: 9MB
   Flags: Can_Be_Mounted Can_Be_Wiped Wipe_Available_in_GUI Is_SubPartition Removable IsPresent Is_Storage 
   SubPartition_Of: /usbotg
   Primary_Block_Device: /dev/block//sdf8
   Display_Name: 存储空间 8
   Storage_Name: 存储空间 8
   Backup_Path: /usbotg-8
   Backup_Name: usbotg-8
   Backup_Display_Name: usbotg-8
   Storage_Path: /usbotg-8
   Current_File_System: ext4
   Fstab_File_System: auto
   Backup_Method: files

/usbotg-1 | /dev/block//sdd3 | Size: 0MB Used: 0MB Free: 0MB Backup Size: 0MB
   Flags: Can_Be_Mounted Can_Be_Wiped Wipe_Available_in_GUI Is_SubPartition Removable IsPresent Is_Storage 
   SubPartition_Of: /usbotg
   Primary_Block_Device: /dev/block//sdd3
   Display_Name: 存储空间 1
   Storage_Name: 存储空间 1
   Backup_Path: /usbotg-1
   Backup_Display_Name: usbotg-1
   Storage_Path: /usbotg-1
   Current_File_System: auto
   Fstab_File_System: auto
   Backup_Method: none

/usbotg-2 | /dev/block//sdd1 | Size: 0MB Used: 0MB Free: 0MB Backup Size: 0MB
   Flags: Can_Be_Mounted Can_Be_Wiped Wipe_Available_in_GUI Is_SubPartition Removable IsPresent Is_Storage 
   SubPartition_Of: /usbotg
   Primary_Block_Device: /dev/block//sdd1
   Display_Name: 存储空间 2
   Storage_Name: 存储空间 2
   Backup_Path: /usbotg-2
   Backup_Display_Name: usbotg-2
   Storage_Path: /usbotg-2
   Current_File_System: auto
   Fstab_File_System: auto
   Backup_Method: none

/usbotg-3 | /dev/block//sdd2 | Size: 0MB Used: 0MB Free: 0MB Backup Size: 0MB
   Flags: Can_Be_Mounted Can_Be_Wiped Wipe_Available_in_GUI Is_SubPartition Removable IsPresent Is_Storage 
   SubPartition_Of: /usbotg
   Primary_Block_Device: /dev/block//sdd2
   Display_Name: 存储空间 3
   Storage_Name: 存储空间 3
   Backup_Path: /usbotg-3
   Backup_Display_Name: usbotg-3
   Storage_Path: /usbotg-3
   Current_File_System: auto
   Fstab_File_System: auto
   Backup_Method: none

/usbotg-1 | /dev/block//sdb6 | Size: 0MB Used: 0MB Free: 0MB Backup Size: 0MB
   Flags: Can_Be_Mounted Can_Be_Wiped Wipe_Available_in_GUI Is_SubPartition Removable IsPresent Is_Storage 
   SubPartition_Of: /usbotg
   Primary_Block_Device: /dev/block//sdb6
   Display_Name: 存储空间 1
   Storage_Name: 存储空间 1
   Backup_Path: /usbotg-1
   Backup_Display_Name: usbotg-1
   Storage_Path: /usbotg-1
   Current_File_System: auto
   Fstab_File_System: auto
   Backup_Method: none

/usbotg-2 | /dev/block//sdb4 | Size: 0MB Used: 0MB Free: 0MB Backup Size: 0MB
   Flags: Can_Be_Mounted Can_Be_Wiped Wipe_Available_in_GUI Is_SubPartition Removable IsPresent Is_Storage 
   SubPartition_Of: /usbotg
   Primary_Block_Device: /dev/block//sdb4
   Display_Name: 存储空间 2
   Storage_Name: 存储空间 2
   Backup_Path: /usbotg-2
   Backup_Display_Name: usbotg-2
   Storage_Path: /usbotg-2
   Current_File_System: auto
   Fstab_File_System: auto
   Backup_Method: none

/usbotg-3 | /dev/block//sdb8 | Size: 0MB Used: 0MB Free: 0MB Backup Size: 0MB
   Flags: Can_Be_Mounted Can_Be_Wiped Wipe_Available_in_GUI Is_SubPartition Removable IsPresent Is_Storage 
   SubPartition_Of: /usbotg
   Primary_Block_Device: /dev/block//sdb8
   Display_Name: 存储空间 3
   Storage_Name: 存储空间 3
   Backup_Path: /usbotg-3
   Backup_Display_Name: usbotg-3
   Storage_Path: /usbotg-3
   Current_File_System: auto
   Fstab_File_System: auto
   Backup_Method: none

/usbotg-4 | /dev/block//sdb2 | Size: 0MB Used: 0MB Free: 0MB Backup Size: 0MB
   Flags: Can_Be_Mounted Can_Be_Wiped Wipe_Available_in_GUI Is_SubPartition Removable IsPresent Is_Storage 
   SubPartition_Of: /usbotg
   Primary_Block_Device: /dev/block//sdb2
   Display_Name: 存储空间 4
   Storage_Name: 存储空间 4
   Backup_Path: /usbotg-4
   Backup_Display_Name: usbotg-4
   Storage_Path: /usbotg-4
   Current_File_System: auto
   Fstab_File_System: auto
   Backup_Method: none

/usbotg-5 | /dev/block//sdb7 | Size: 0MB Used: 0MB Free: 0MB Backup Size: 0MB
   Flags: Can_Be_Mounted Can_Be_Wiped Wipe_Available_in_GUI Is_SubPartition Removable IsPresent Is_Storage 
   SubPartition_Of: /usbotg
   Primary_Block_Device: /dev/block//sdb7
   Display_Name: 存储空间 5
   Storage_Name: 存储空间 5
   Backup_Path: /usbotg-5
   Backup_Display_Name: usbotg-5
   Storage_Path: /usbotg-5
   Current_File_System: auto
   Fstab_File_System: auto
   Backup_Method: none

/usbotg-6 | /dev/block//sdb1 | Size: 0MB Used: 0MB Free: 0MB Backup Size: 0MB
   Flags: Can_Be_Mounted Can_Be_Wiped Wipe_Available_in_GUI Is_SubPartition Removable IsPresent Is_Storage 
   SubPartition_Of: /usbotg
   Primary_Block_Device: /dev/block//sdb1
   Display_Name: 存储空间 6
   Storage_Name: 存储空间 6
   Backup_Path: /usbotg-6
   Backup_Display_Name: usbotg-6
   Storage_Path: /usbotg-6
   Current_File_System: auto
   Fstab_File_System: auto
   Backup_Method: none

/usbotg-7 | /dev/block//sdb9 | Size: 0MB Used: 0MB Free: 0MB Backup Size: 0MB
   Flags: Can_Be_Mounted Can_Be_Wiped Wipe_Available_in_GUI Is_SubPartition Removable IsPresent Is_Storage 
   SubPartition_Of: /usbotg
   Primary_Block_Device: /dev/block//sdb9
   Display_Name: 存储空间 7
   Storage_Name: 存储空间 7
   Backup_Path: /usbotg-7
   Backup_Display_Name: usbotg-7
   Storage_Path: /usbotg-7
   Current_File_System: auto
   Fstab_File_System: auto
   Backup_Method: none

/usbotg-8 | /dev/block//sdb5 | Size: 0MB Used: 0MB Free: 0MB Backup Size: 0MB
   Flags: Can_Be_Mounted Can_Be_Wiped Wipe_Available_in_GUI Is_SubPartition Removable IsPresent Is_Storage 
   SubPartition_Of: /usbotg
   Primary_Block_Device: /dev/block//sdb5
   Display_Name: 存储空间 8
   Storage_Name: 存储空间 8
   Backup_Path: /usbotg-8
   Backup_Display_Name: usbotg-8
   Storage_Path: /usbotg-8
   Current_File_System: auto
   Fstab_File_System: auto
   Backup_Method: none

/usbotg-9 | /dev/block//sdb3 | Size: 0MB Used: 0MB Free: 0MB Backup Size: 0MB
   Flags: Can_Be_Mounted Can_Be_Wiped Wipe_Available_in_GUI Is_SubPartition Removable IsPresent Is_Storage 
   SubPartition_Of: /usbotg
   Primary_Block_Device: /dev/block//sdb3
   Display_Name: 存储空间 9
   Storage_Name: 存储空间 9
   Backup_Path: /usbotg-9
   Backup_Name: usbotg-9
   Backup_Display_Name: usbotg-9
   Storage_Path: /usbotg-9
   Current_File_System: auto
   Fstab_File_System: auto
   Backup_Method: files

/usbotg-1 | /dev/block//sde70 | Size: 0MB Used: 0MB Free: 0MB Backup Size: 0MB
   Flags: Can_Be_Mounted Can_Be_Wiped Wipe_Available_in_GUI Is_SubPartition Removable IsPresent Is_Storage 
   SubPartition_Of: /usbotg
   Primary_Block_Device: /dev/block//sde70
   Display_Name: 存储空间 1
   Storage_Name: 存储空间 1
   Backup_Path: /usbotg-1
   Backup_Display_Name: usbotg-1
   Storage_Path: /usbotg-1
   Current_File_System: auto
   Fstab_File_System: auto
   Backup_Method: none

/usbotg-2 | /dev/block//sde62 | Size: 0MB Used: 0MB Free: 0MB Backup Size: 0MB
   Flags: Can_Be_Mounted Can_Be_Wiped Wipe_Available_in_GUI Is_SubPartition Removable IsPresent Is_Storage 
   SubPartition_Of: /usbotg
   Primary_Block_Device: /dev/block//sde62
   Display_Name: 存储空间 2
   Storage_Name: 存储空间 2
   Backup_Path: /usbotg-2
   Backup_Display_Name: usbotg-2
   Storage_Path: /usbotg-2
   Current_File_System: auto
   Fstab_File_System: auto
   Backup_Method: none

/usbotg-3 | /dev/block//sde42 | Size: 0MB Used: 0MB Free: 0MB Backup Size: 0MB
   Flags: Can_Be_Mounted Can_Be_Wiped Wipe_Available_in_GUI Is_SubPartition Removable IsPresent Is_Storage 
   SubPartition_Of: /usbotg
   Primary_Block_Device: /dev/block//sde42
   Display_Name: 存储空间 3
   Storage_Name: 存储空间 3
   Backup_Path: /usbotg-3
   Backup_Display_Name: usbotg-3
   Storage_Path: /usbotg-3
   Current_File_System: auto
   Fstab_File_System: auto
   Backup_Method: none

/usbotg-4 | /dev/block//sde92 | Size: 0MB Used: 0MB Free: 0MB Backup Size: 0MB
   Flags: Can_Be_Mounted Can_Be_Wiped Wipe_Available_in_GUI Is_SubPartition Removable IsPresent Is_Storage 
   SubPartition_Of: /usbotg
   Primary_Block_Device: /dev/block//sde92
   Display_Name: 存储空间 4
   Storage_Name: 存储空间 4
   Backup_Path: /usbotg-4
   Backup_Display_Name: usbotg-4
   Storage_Path: /usbotg-4
   Current_File_System: auto
   Fstab_File_System: auto
   Backup_Method: none

/usbotg-5 | /dev/block//sde34 | Size: 0MB Used: 0MB Free: 0MB Backup Size: 0MB
   Flags: Can_Be_Mounted Can_Be_Wiped Wipe_Available_in_GUI Is_SubPartition Removable IsPresent Is_Storage 
   SubPartition_Of: /usbotg
   Primary_Block_Device: /dev/block//sde34
   Display_Name: 存储空间 5
   Storage_Name: 存储空间 5
   Backup_Path: /usbotg-5
   Backup_Display_Name: usbotg-5
   Storage_Path: /usbotg-5
   Current_File_System: auto
   Fstab_File_System: auto
   Backup_Method: none

/usbotg-6 | /dev/block//sde4 | Size: 0MB Used: 0MB Free: 0MB Backup Size: 0MB
   Flags: Can_Be_Mounted Can_Be_Wiped Wipe_Available_in_GUI Is_SubPartition Removable IsPresent Is_Storage 
   SubPartition_Of: /usbotg
   Primary_Block_Device: /dev/block//sde4
   Display_Name: 存储空间 6
   Storage_Name: 存储空间 6
   Backup_Path: /usbotg-6
   Backup_Display_Name: usbotg-6
   Storage_Path: /usbotg-6
   Current_File_System: auto
   Fstab_File_System: auto
   Backup_Method: none

/usbotg-7 | /dev/block//sde24 | Size: 0MB Used: 0MB Free: 0MB Backup Size: 0MB
   Flags: Can_Be_Mounted Can_Be_Wiped Wipe_Available_in_GUI Is_SubPartition Removable IsPresent Is_Storage 
   SubPartition_Of: /usbotg
   Primary_Block_Device: /dev/block//sde24
   Display_Name: 存储空间 7
   Storage_Name: 存储空间 7
   Backup_Path: /usbotg-7
   Backup_Display_Name: usbotg-7
   Storage_Path: /usbotg-7
   Current_File_System: auto
   Fstab_File_System: auto
   Backup_Method: none

/usbotg-8 | /dev/block//sde14 | Size: 0MB Used: 0MB Free: 0MB Backup Size: 0MB
   Flags: Can_Be_Mounted Can_Be_Wiped Wipe_Available_in_GUI Is_SubPartition Removable IsPresent Is_Storage 
   SubPartition_Of: /usbotg
   Primary_Block_Device: /dev/block//sde14
   Display_Name: 存储空间 8
   Storage_Name: 存储空间 8
   Backup_Path: /usbotg-8
   Backup_Display_Name: usbotg-8
   Storage_Path: /usbotg-8
   Current_File_System: auto
   Fstab_File_System: auto
   Backup_Method: none

/usbotg-9 | /dev/block//sde56 | Size: 0MB Used: 0MB Free: 0MB Backup Size: 0MB
   Flags: Can_Be_Mounted Can_Be_Wiped Wipe_Available_in_GUI Is_SubPartition Removable IsPresent Is_Storage 
   SubPartition_Of: /usbotg
   Primary_Block_Device: /dev/block//sde56
   Display_Name: 存储空间 9
   Storage_Name: 存储空间 9
   Backup_Path: /usbotg-9
   Backup_Display_Name: usbotg-9
   Storage_Path: /usbotg-9
   Current_File_System: auto
   Fstab_File_System: auto
   Backup_Method: none

/usbotg-10 | /dev/block//sde6 | Size: 0MB Used: 0MB Free: 0MB Backup Size: 0MB
   Flags: Can_Be_Mounted Can_Be_Wiped Wipe_Available_in_GUI Is_SubPartition Removable IsPresent Is_Storage 
   SubPartition_Of: /usbotg
   Primary_Block_Device: /dev/block//sde6
   Display_Name: 存储空间 10
   Storage_Name: 存储空间 10
   Backup_Path: /usbotg-10
   Backup_Name: usbotg-10
   Backup_Display_Name: usbotg-10
   Storage_Path: /usbotg-10
   Current_File_System: auto
   Fstab_File_System: auto
   Backup_Method: files

/usbotg-11 | /dev/block//sde26 | Size: 29MB Used: 3MB Free: 26MB Backup Size: 3MB
   Flags: Can_Be_Mounted Can_Be_Wiped Wipe_Available_in_GUI Is_SubPartition Removable IsPresent Is_Storage 
   SubPartition_Of: /usbotg
   Primary_Block_Device: /dev/block//sde26
   Display_Name: 存储空间 11
   Storage_Name: 存储空间 11
   Backup_Path: /usbotg-11
   Backup_Name: usbotg-11
   Backup_Display_Name: usbotg-11
   Storage_Path: /usbotg-11
   Current_File_System: vfat
   Fstab_File_System: auto
   Backup_Method: files

/usbotg-12 | /dev/block//sde90 | Size: 0MB Used: 0MB Free: 0MB Backup Size: 0MB
   Flags: Can_Be_Mounted Can_Be_Wiped Wipe_Available_in_GUI Is_SubPartition Removable IsPresent Is_Storage 
   SubPartition_Of: /usbotg
   Primary_Block_Device: /dev/block//sde90
   Display_Name: 存储空间 12
   Storage_Name: 存储空间 12
   Backup_Path: /usbotg-12
   Backup_Name: usbotg-12
   Backup_Display_Name: usbotg-12
   Storage_Path: /usbotg-12
   Current_File_System: auto
   Fstab_File_System: auto
   Backup_Method: files

/usbotg-13 | /dev/block//sde82 | Size: 7MB Used: 0MB Free: 7MB Backup Size: 0MB
   Flags: Can_Be_Mounted Can_Be_Wiped Wipe_Available_in_GUI Is_SubPartition Removable IsPresent Is_Storage 
   SubPartition_Of: /usbotg
   Primary_Block_Device: /dev/block//sde82
   Display_Name: 存储空间 13
   Storage_Name: 存储空间 13
   Backup_Path: /usbotg-13
   Backup_Name: usbotg-13
   Backup_Display_Name: usbotg-13
   Storage_Path: /usbotg-13
   Current_File_System: vfat
   Fstab_File_System: auto
   Backup_Method: files

/usbotg-14 | /dev/block//sde72 | Size: 0MB Used: 0MB Free: 0MB Backup Size: 0MB
   Flags: Can_Be_Mounted Can_Be_Wiped Wipe_Available_in_GUI Is_SubPartition Removable IsPresent Is_Storage 
   SubPartition_Of: /usbotg
   Primary_Block_Device: /dev/block//sde72
   Display_Name: 存储空间 14
   Storage_Name: 存储空间 14
   Backup_Path: /usbotg-14
   Backup_Name: usbotg-14
   Backup_Display_Name: usbotg-14
   Storage_Path: /usbotg-14
   Current_File_System: auto
   Fstab_File_System: auto
   Backup_Method: files

/usbotg-15 | /dev/block//sde86 | Size: 0MB Used: 0MB Free: 0MB Backup Size: 0MB
   Flags: Can_Be_Mounted Can_Be_Wiped Wipe_Available_in_GUI Is_SubPartition Removable IsPresent Is_Storage 
   SubPartition_Of: /usbotg
   Primary_Block_Device: /dev/block//sde86
   Display_Name: 存储空间 15
   Storage_Name: 存储空间 15
   Backup_Path: /usbotg-15
   Backup_Name: usbotg-15
   Backup_Display_Name: usbotg-15
   Storage_Path: /usbotg-15
   Current_File_System: auto
   Fstab_File_System: auto
   Backup_Method: files

/usbotg-16 | /dev/block//sde28 | Size: 0MB Used: 0MB Free: 0MB Backup Size: 0MB
   Flags: Can_Be_Mounted Can_Be_Wiped Wipe_Available_in_GUI Is_SubPartition Removable IsPresent Is_Storage 
   SubPartition_Of: /usbotg
   Primary_Block_Device: /dev/block//sde28
   Display_Name: 存储空间 16
   Storage_Name: 存储空间 16
   Backup_Path: /usbotg-16
   Backup_Name: usbotg-16
   Backup_Display_Name: usbotg-16
   Storage_Path: /usbotg-16
   Current_File_System: auto
   Fstab_File_System: auto
   Backup_Method: files

/usbotg-17 | /dev/block//sde84 | Size: 0MB Used: 0MB Free: 0MB Backup Size: 0MB
   Flags: Can_Be_Mounted Can_Be_Wiped Wipe_Available_in_GUI Is_SubPartition Removable IsPresent Is_Storage 
   SubPartition_Of: /usbotg
   Primary_Block_Device: /dev/block//sde84
   Display_Name: 存储空间 17
   Storage_Name: 存储空间 17
   Backup_Path: /usbotg-17
   Backup_Name: usbotg-17
   Backup_Display_Name: usbotg-17
   Storage_Path: /usbotg-17
   Current_File_System: auto
   Fstab_File_System: auto
   Backup_Method: files

/usbotg-18 | /dev/block//sde54 | Size: 68MB Used: 59MB Free: 9MB Backup Size: 59MB
   Flags: Can_Be_Mounted Can_Be_Wiped Wipe_Available_in_GUI Is_SubPartition Removable IsPresent Is_Storage 
   SubPartition_Of: /usbotg
   Primary_Block_Device: /dev/block//sde54
   Display_Name: 存储空间 18
   Storage_Name: 存储空间 18
   Backup_Path: /usbotg-18
   Backup_Name: usbotg-18
   Backup_Display_Name: usbotg-18
   Storage_Path: /usbotg-18
   Current_File_System: ext4
   Fstab_File_System: auto
   Backup_Method: files

/usbotg-19 | /dev/block//sde46 | Size: 0MB Used: 0MB Free: 0MB Backup Size: 0MB
   Flags: Can_Be_Mounted Can_Be_Wiped Wipe_Available_in_GUI Is_SubPartition Removable IsPresent Is_Storage 
   SubPartition_Of: /usbotg
   Primary_Block_Device: /dev/block//sde46
   Display_Name: 存储空间 19
   Storage_Name: 存储空间 19
   Backup_Path: /usbotg-19
   Backup_Name: usbotg-19
   Backup_Display_Name: usbotg-19
   Storage_Path: /usbotg-19
   Current_File_System: auto
   Fstab_File_System: auto
   Backup_Method: files

/usbotg-20 | /dev/block//sde64 | Size: 0MB Used: 0MB Free: 0MB Backup Size: 0MB
   Flags: Can_Be_Mounted Can_Be_Wiped Wipe_Available_in_GUI Is_SubPartition Removable IsPresent Is_Storage 
   SubPartition_Of: /usbotg
   Primary_Block_Device: /dev/block//sde64
   Display_Name: 存储空间 20
   Storage_Name: 存储空间 20
   Backup_Path: /usbotg-20
   Backup_Name: usbotg-20
   Backup_Display_Name: usbotg-20
   Storage_Path: /usbotg-20
   Current_File_System: auto
   Fstab_File_System: auto
   Backup_Method: files

/usbotg-21 | /dev/block//sde1 | Size: 0MB Used: 0MB Free: 0MB Backup Size: 0MB
   Flags: Can_Be_Mounted Can_Be_Wiped Wipe_Available_in_GUI Is_SubPartition Removable IsPresent Is_Storage 
   SubPartition_Of: /usbotg
   Primary_Block_Device: /dev/block//sde1
   Display_Name: 存储空间 21
   Storage_Name: 存储空间 21
   Backup_Path: /usbotg-21
   Backup_Name: usbotg-21
   Backup_Display_Name: usbotg-21
   Storage_Path: /usbotg-21
   Current_File_System: auto
   Fstab_File_System: auto
   Backup_Method: files

/usbotg-22 | /dev/block//sde58 | Size: 0MB Used: 0MB Free: 0MB Backup Size: 0MB
   Flags: Can_Be_Mounted Can_Be_Wiped Wipe_Available_in_GUI Is_SubPartition Removable IsPresent Is_Storage 
   SubPartition_Of: /usbotg
   Primary_Block_Device: /dev/block//sde58
   Display_Name: 存储空间 22
   Storage_Name: 存储空间 22
   Backup_Path: /usbotg-22
   Backup_Name: usbotg-22
   Backup_Display_Name: usbotg-22
   Storage_Path: /usbotg-22
   Current_File_System: auto
   Fstab_File_System: auto
   Backup_Method: files

/usbotg-23 | /dev/block//sde48 | Size: 0MB Used: 0MB Free: 0MB Backup Size: 0MB
   Flags: Can_Be_Mounted Can_Be_Wiped Wipe_Available_in_GUI Is_SubPartition Removable IsPresent Is_Storage 
   SubPartition_Of: /usbotg
   Primary_Block_Device: /dev/block//sde48
   Display_Name: 存储空间 23
   Storage_Name: 存储空间 23
   Backup_Path: /usbotg-23
   Backup_Name: usbotg-23
   Backup_Display_Name: usbotg-23
   Storage_Path: /usbotg-23
   Current_File_System: auto
   Fstab_File_System: auto
   Backup_Method: files

/usbotg-24 | /dev/block//sde18 | Size: 0MB Used: 0MB Free: 0MB Backup Size: 0MB
   Flags: Can_Be_Mounted Can_Be_Wiped Wipe_Available_in_GUI Is_SubPartition Removable IsPresent Is_Storage 
   SubPartition_Of: /usbotg
   Primary_Block_Device: /dev/block//sde18
   Display_Name: 存储空间 24
   Storage_Name: 存储空间 24
   Backup_Path: /usbotg-24
   Backup_Name: usbotg-24
   Backup_Display_Name: usbotg-24
   Storage_Path: /usbotg-24
   Current_File_System: auto
   Fstab_File_System: auto
   Backup_Method: files

/usbotg-25 | /dev/block//sde38 | Size: 0MB Used: 0MB Free: 0MB Backup Size: 0MB
   Flags: Can_Be_Mounted Can_Be_Wiped Wipe_Available_in_GUI Is_SubPartition Removable IsPresent Is_Storage 
   SubPartition_Of: /usbotg
   Primary_Block_Device: /dev/block//sde38
   Display_Name: 存储空间 25
   Storage_Name: 存储空间 25
   Backup_Path: /usbotg-25
   Backup_Name: usbotg-25
   Backup_Display_Name: usbotg-25
   Storage_Path: /usbotg-25
   Current_File_System: auto
   Fstab_File_System: auto
   Backup_Method: files

/usbotg-26 | /dev/block//sde94 | Size: 0MB Used: 0MB Free: 0MB Backup Size: 0MB
   Flags: Can_Be_Mounted Can_Be_Wiped Wipe_Available_in_GUI Is_SubPartition Removable IsPresent Is_Storage 
   SubPartition_Of: /usbotg
   Primary_Block_Device: /dev/block//sde94
   Display_Name: 存储空间 26
   Storage_Name: 存储空间 26
   Backup_Path: /usbotg-26
   Backup_Name: usbotg-26
   Backup_Display_Name: usbotg-26
   Storage_Path: /usbotg-26
   Current_File_System: auto
   Fstab_File_System: auto
   Backup_Method: files

/usbotg-27 | /dev/block//sde61 | Size: 0MB Used: 0MB Free: 0MB Backup Size: 0MB
   Flags: Can_Be_Mounted Can_Be_Wiped Wipe_Available_in_GUI Is_SubPartition Removable IsPresent Is_Storage 
   SubPartition_Of: /usbotg
   Primary_Block_Device: /dev/block//sde61
   Display_Name: 存储空间 27
   Storage_Name: 存储空间 27
   Backup_Path: /usbotg-27
   Backup_Name: usbotg-27
   Backup_Display_Name: usbotg-27
   Storage_Path: /usbotg-27
   Current_File_System: auto
   Fstab_File_System: auto
   Backup_Method: files

/usbotg-28 | /dev/block//sde31 | Size: 0MB Used: 0MB Free: 0MB Backup Size: 0MB
   Flags: Can_Be_Mounted Can_Be_Wiped Wipe_Available_in_GUI Is_SubPartition Removable IsPresent Is_Storage 
   SubPartition_Of: /usbotg
   Primary_Block_Device: /dev/block//sde31
   Display_Name: 存储空间 28
   Storage_Name: 存储空间 28
   Backup_Path: /usbotg-28
   Backup_Name: usbotg-28
   Backup_Display_Name: usbotg-28
   Storage_Path: /usbotg-28
   Current_File_System: auto
   Fstab_File_System: auto
   Backup_Method: files

/usbotg-29 | /dev/block//sde88 | Size: 0MB Used: 0MB Free: 0MB Backup Size: 0MB
   Flags: Can_Be_Mounted Can_Be_Wiped Wipe_Available_in_GUI Is_SubPartition Removable IsPresent Is_Storage 
   SubPartition_Of: /usbotg
   Primary_Block_Device: /dev/block//sde88
   Display_Name: 存储空间 29
   Storage_Name: 存储空间 29
   Backup_Path: /usbotg-29
   Backup_Name: usbotg-29
   Backup_Display_Name: usbotg-29
   Storage_Path: /usbotg-29
   Current_File_System: auto
   Fstab_File_System: auto
   Backup_Method: files

/usbotg-30 | /dev/block//sde76 | Size: 0MB Used: 0MB Free: 0MB Backup Size: 0MB
   Flags: Can_Be_Mounted Can_Be_Wiped Wipe_Available_in_GUI Is_SubPartition Removable IsPresent Is_Storage 
   SubPartition_Of: /usbotg
   Primary_Block_Device: /dev/block//sde76
   Display_Name: 存储空间 30
   Storage_Name: 存储空间 30
   Backup_Path: /usbotg-30
   Backup_Name: usbotg-30
   Backup_Display_Name: usbotg-30
   Storage_Path: /usbotg-30
   Current_File_System: auto
   Fstab_File_System: auto
   Backup_Method: files

/usbotg-31 | /dev/block//sde78 | Size: 0MB Used: 0MB Free: 0MB Backup Size: 0MB
   Flags: Can_Be_Mounted Can_Be_Wiped Wipe_Available_in_GUI Is_SubPartition Removable IsPresent Is_Storage 
   SubPartition_Of: /usbotg
   Primary_Block_Device: /dev/block//sde78
   Display_Name: 存储空间 31
   Storage_Name: 存储空间 31
   Backup_Path: /usbotg-31
   Backup_Name: usbotg-31
   Backup_Display_Name: usbotg-31
   Storage_Path: /usbotg-31
   Current_File_System: auto
   Fstab_File_System: auto
   Backup_Method: files

/usbotg-32 | /dev/block//sde96 | Size: 0MB Used: 0MB Free: 0MB Backup Size: 0MB
   Flags: Can_Be_Mounted Can_Be_Wiped Wipe_Available_in_GUI Is_SubPartition Removable IsPresent Is_Storage 
   SubPartition_Of: /usbotg
   Primary_Block_Device: /dev/block//sde96
   Display_Name: 存储空间 32
   Storage_Name: 存储空间 32
   Backup_Path: /usbotg-32
   Backup_Name: usbotg-32
   Backup_Display_Name: usbotg-32
   Storage_Path: /usbotg-32
   Current_File_System: auto
   Fstab_File_System: auto
   Backup_Method: files

/usbotg-33 | /dev/block//sde91 | Size: 102MB Used: 100MB Free: 2MB Backup Size: 100MB
   Flags: Can_Be_Mounted Can_Be_Wiped Wipe_Available_in_GUI Is_SubPartition Removable IsPresent Is_Storage 
   SubPartition_Of: /usbotg
   Primary_Block_Device: /dev/block//sde91
   Display_Name: 存储空间 33
   Storage_Name: 存储空间 33
   Backup_Path: /usbotg-33
   Backup_Name: usbotg-33
   Backup_Display_Name: usbotg-33
   Storage_Path: /usbotg-33
   Current_File_System: auto
   Fstab_File_System: auto
   Backup_Method: files

/usbotg-34 | /dev/block//sde33 | Size: 7MB Used: 1MB Free: 5MB Backup Size: 1MB
   Flags: Can_Be_Mounted Can_Be_Wiped Wipe_Available_in_GUI Is_SubPartition Removable IsPresent Is_Storage 
   SubPartition_Of: /usbotg
   Primary_Block_Device: /dev/block//sde33
   Display_Name: 存储空间 34
   Storage_Name: 存储空间 34
   Backup_Path: /usbotg-34
   Backup_Name: usbotg-34
   Backup_Display_Name: usbotg-34
   Storage_Path: /usbotg-34
   Current_File_System: vfat
   Fstab_File_System: auto
   Backup_Method: files

/usbotg-35 | /dev/block//sde3 | Size: 0MB Used: 0MB Free: 0MB Backup Size: 0MB
   Flags: Can_Be_Mounted Can_Be_Wiped Wipe_Available_in_GUI Is_SubPartition Removable IsPresent Is_Storage 
   SubPartition_Of: /usbotg
   Primary_Block_Device: /dev/block//sde3
   Display_Name: 存储空间 35
   Storage_Name: 存储空间 35
   Backup_Path: /usbotg-35
   Backup_Name: usbotg-35
   Backup_Display_Name: usbotg-35
   Storage_Path: /usbotg-35
   Current_File_System: auto
   Fstab_File_System: auto
   Backup_Method: files

/usbotg-36 | /dev/block//sde21 | Size: 0MB Used: 0MB Free: 0MB Backup Size: 0MB
   Flags: Can_Be_Mounted Can_Be_Wiped Wipe_Available_in_GUI Is_SubPartition Removable IsPresent Is_Storage 
   SubPartition_Of: /usbotg
   Primary_Block_Device: /dev/block//sde21
   Display_Name: 存储空间 36
   Storage_Name: 存储空间 36
   Backup_Path: /usbotg-36
   Backup_Name: usbotg-36
   Backup_Display_Name: usbotg-36
   Storage_Path: /usbotg-36
   Current_File_System: auto
   Fstab_File_System: auto
   Backup_Method: files

/usbotg-37 | /dev/block//sde51 | Size: 199MB Used: 165MB Free: 34MB Backup Size: 165MB
   Flags: Can_Be_Mounted Can_Be_Wiped Wipe_Available_in_GUI Is_SubPartition Removable IsPresent Is_Storage 
   SubPartition_Of: /usbotg
   Primary_Block_Device: /dev/block//sde51
   Display_Name: 存储空间 37
   Storage_Name: 存储空间 37
   Backup_Path: /usbotg-37
   Backup_Name: usbotg-37
   Backup_Display_Name: usbotg-37
   Storage_Path: /usbotg-37
   Current_File_System: vfat
   Fstab_File_System: auto
   Backup_Method: files

/usbotg-38 | /dev/block//sde98 | Size: 0MB Used: 0MB Free: 0MB Backup Size: 0MB
   Flags: Can_Be_Mounted Can_Be_Wiped Wipe_Available_in_GUI Is_SubPartition Removable IsPresent Is_Storage 
   SubPartition_Of: /usbotg
   Primary_Block_Device: /dev/block//sde98
   Display_Name: 存储空间 38
   Storage_Name: 存储空间 38
   Backup_Path: /usbotg-38
   Backup_Name: usbotg-38
   Backup_Display_Name: usbotg-38
   Storage_Path: /usbotg-38
   Current_File_System: auto
   Fstab_File_System: auto
   Backup_Method: files

/usbotg-39 | /dev/block//sde55 | Size: 0MB Used: 0MB Free: 0MB Backup Size: 0MB
   Flags: Can_Be_Mounted Can_Be_Wiped Wipe_Available_in_GUI Is_SubPartition Removable IsPresent Is_Storage 
   SubPartition_Of: /usbotg
   Primary_Block_Device: /dev/block//sde55
   Display_Name: 存储空间 39
   Storage_Name: 存储空间 39
   Backup_Path: /usbotg-39
   Backup_Name: usbotg-39
   Backup_Display_Name: usbotg-39
   Storage_Path: /usbotg-39
   Current_File_System: auto
   Fstab_File_System: auto
   Backup_Method: files

/usbotg-40 | /dev/block//sde5 | Size: 0MB Used: 0MB Free: 0MB Backup Size: 0MB
   Flags: Can_Be_Mounted Can_Be_Wiped Wipe_Available_in_GUI Is_SubPartition Removable IsPresent Is_Storage 
   SubPartition_Of: /usbotg
   Primary_Block_Device: /dev/block//sde5
   Display_Name: 存储空间 40
   Storage_Name: 存储空间 40
   Backup_Path: /usbotg-40
   Backup_Name: usbotg-40
   Backup_Display_Name: usbotg-40
   Storage_Path: /usbotg-40
   Current_File_System: auto
   Fstab_File_System: auto
   Backup_Method: files

/usbotg-41 | /dev/block//sde25 | Size: 0MB Used: 0MB Free: 0MB Backup Size: 0MB
   Flags: Can_Be_Mounted Can_Be_Wiped Wipe_Available_in_GUI Is_SubPartition Removable IsPresent Is_Storage 
   SubPartition_Of: /usbotg
   Primary_Block_Device: /dev/block//sde25
   Display_Name: 存储空间 41
   Storage_Name: 存储空间 41
   Backup_Path: /usbotg-41
   Backup_Name: usbotg-41
   Backup_Display_Name: usbotg-41
   Storage_Path: /usbotg-41
   Current_File_System: auto
   Fstab_File_System: auto
   Backup_Method: files

/usbotg-42 | /dev/block//sde23 | Size: 0MB Used: 0MB Free: 0MB Backup Size: 0MB
   Flags: Can_Be_Mounted Can_Be_Wiped Wipe_Available_in_GUI Is_SubPartition Removable IsPresent Is_Storage 
   SubPartition_Of: /usbotg
   Primary_Block_Device: /dev/block//sde23
   Display_Name: 存储空间 42
   Storage_Name: 存储空间 42
   Backup_Path: /usbotg-42
   Backup_Name: usbotg-42
   Backup_Display_Name: usbotg-42
   Storage_Path: /usbotg-42
   Current_File_System: auto
   Fstab_File_System: auto
   Backup_Method: files

/usbotg-43 | /dev/block//sde81 | Size: 0MB Used: 0MB Free: 0MB Backup Size: 0MB
   Flags: Can_Be_Mounted Can_Be_Wiped Wipe_Available_in_GUI Is_SubPartition Removable IsPresent Is_Storage 
   SubPartition_Of: /usbotg
   Primary_Block_Device: /dev/block//sde81
   Display_Name: 存储空间 43
   Storage_Name: 存储空间 43
   Backup_Path: /usbotg-43
   Backup_Name: usbotg-43
   Backup_Display_Name: usbotg-43
   Storage_Path: /usbotg-43
   Current_File_System: auto
   Fstab_File_System: auto
   Backup_Method: files

/usbotg-44 | /dev/block//sde71 | Size: 0MB Used: 0MB Free: 0MB Backup Size: 0MB
   Flags: Can_Be_Mounted Can_Be_Wiped Wipe_Available_in_GUI Is_SubPartition Removable IsPresent Is_Storage 
   SubPartition_Of: /usbotg
   Primary_Block_Device: /dev/block//sde71
   Display_Name: 存储空间 44
   Storage_Name: 存储空间 44
   Backup_Path: /usbotg-44
   Backup_Name: usbotg-44
   Backup_Display_Name: usbotg-44
   Storage_Path: /usbotg-44
   Current_File_System: auto
   Fstab_File_System: auto
   Backup_Method: files

/usbotg-45 | /dev/block//sde19 | Size: 0MB Used: 0MB Free: 0MB Backup Size: 0MB
   Flags: Can_Be_Mounted Can_Be_Wiped Wipe_Available_in_GUI Is_SubPartition Removable IsPresent Is_Storage 
   SubPartition_Of: /usbotg
   Primary_Block_Device: /dev/block//sde19
   Display_Name: 存储空间 45
   Storage_Name: 存储空间 45
   Backup_Path: /usbotg-45
   Backup_Name: usbotg-45
   Backup_Display_Name: usbotg-45
   Storage_Path: /usbotg-45
   Current_File_System: auto
   Fstab_File_System: auto
   Backup_Method: files

/usbotg-46 | /dev/block//sde27 | Size: 0MB Used: 0MB Free: 0MB Backup Size: 0MB
   Flags: Can_Be_Mounted Can_Be_Wiped Wipe_Available_in_GUI Is_SubPartition Removable IsPresent Is_Storage 
   SubPartition_Of: /usbotg
   Primary_Block_Device: /dev/block//sde27
   Display_Name: 存储空间 46
   Storage_Name: 存储空间 46
   Backup_Path: /usbotg-46
   Backup_Name: usbotg-46
   Backup_Display_Name: usbotg-46
   Storage_Path: /usbotg-46
   Current_File_System: auto
   Fstab_File_System: auto
   Backup_Method: files

/usbotg-47 | /dev/block//sde83 | Size: 0MB Used: 0MB Free: 0MB Backup Size: 0MB
   Flags: Can_Be_Mounted Can_Be_Wiped Wipe_Available_in_GUI Is_SubPartition Removable IsPresent Is_Storage 
   SubPartition_Of: /usbotg
   Primary_Block_Device: /dev/block//sde83
   Display_Name: 存储空间 47
   Storage_Name: 存储空间 47
   Backup_Path: /usbotg-47
   Backup_Name: usbotg-47
   Backup_Display_Name: usbotg-47
   Storage_Path: /usbotg-47
   Current_File_System: auto
   Fstab_File_System: auto
   Backup_Method: files

/usbotg-48 | /dev/block//sde53 | Size: 0MB Used: 0MB Free: 0MB Backup Size: 0MB
   Flags: Can_Be_Mounted Can_Be_Wiped Wipe_Available_in_GUI Is_SubPartition Removable IsPresent Is_Storage 
   SubPartition_Of: /usbotg
   Primary_Block_Device: /dev/block//sde53
   Display_Name: 存储空间 48
   Storage_Name: 存储空间 48
   Backup_Path: /usbotg-48
   Backup_Name: usbotg-48
   Backup_Display_Name: usbotg-48
   Storage_Path: /usbotg-48
   Current_File_System: auto
   Fstab_File_System: auto
   Backup_Method: files

/usbotg-49 | /dev/block//sde52 | Size: 7MB Used: 2MB Free: 5MB Backup Size: 2MB
   Flags: Can_Be_Mounted Can_Be_Wiped Wipe_Available_in_GUI Is_SubPartition Removable IsPresent Is_Storage 
   SubPartition_Of: /usbotg
   Primary_Block_Device: /dev/block//sde52
   Display_Name: 存储空间 49
   Storage_Name: 存储空间 49
   Backup_Path: /usbotg-49
   Backup_Name: usbotg-49
   Backup_Display_Name: usbotg-49
   Storage_Path: /usbotg-49
   Current_File_System: vfat
   Fstab_File_System: auto
   Backup_Method: files

/usbotg-50 | /dev/block//sde80 | Size: 0MB Used: 0MB Free: 0MB Backup Size: 0MB
   Flags: Can_Be_Mounted Can_Be_Wiped Wipe_Available_in_GUI Is_SubPartition Removable IsPresent Is_Storage 
   SubPartition_Of: /usbotg
   Primary_Block_Device: /dev/block//sde80
   Display_Name: 存储空间 50
   Storage_Name: 存储空间 50
   Backup_Path: /usbotg-50
   Backup_Name: usbotg-50
   Backup_Display_Name: usbotg-50
   Storage_Path: /usbotg-50
   Current_File_System: auto
   Fstab_File_System: auto
   Backup_Method: files

/usbotg-51 | /dev/block//sde45 | Size: 0MB Used: 0MB Free: 0MB Backup Size: 0MB
   Flags: Can_Be_Mounted Can_Be_Wiped Wipe_Available_in_GUI Is_SubPartition Removable IsPresent Is_Storage 
   SubPartition_Of: /usbotg
   Primary_Block_Device: /dev/block//sde45
   Display_Name: 存储空间 51
   Storage_Name: 存储空间 51
   Backup_Path: /usbotg-51
   Backup_Name: usbotg-51
   Backup_Display_Name: usbotg-51
   Storage_Path: /usbotg-51
   Current_File_System: auto
   Fstab_File_System: auto
   Backup_Method: files

/usbotg-52 | /dev/block//sde63 | Size: 0MB Used: 0MB Free: 0MB Backup Size: 0MB
   Flags: Can_Be_Mounted Can_Be_Wiped Wipe_Available_in_GUI Is_SubPartition Removable IsPresent Is_Storage 
   SubPartition_Of: /usbotg
   Primary_Block_Device: /dev/block//sde63
   Display_Name: 存储空间 52
   Storage_Name: 存储空间 52
   Backup_Path: /usbotg-52
   Backup_Name: usbotg-52
   Backup_Display_Name: usbotg-52
   Storage_Path: /usbotg-52
   Current_File_System: auto
   Fstab_File_System: auto
   Backup_Method: files

/usbotg-53 | /dev/block//sde10 | Size: 0MB Used: 0MB Free: 0MB Backup Size: 0MB
   Flags: Can_Be_Mounted Can_Be_Wiped Wipe_Available_in_GUI Is_SubPartition Removable IsPresent Is_Storage 
   SubPartition_Of: /usbotg
   Primary_Block_Device: /dev/block//sde10
   Display_Name: 存储空间 53
   Storage_Name: 存储空间 53
   Backup_Path: /usbotg-53
   Backup_Name: usbotg-53
   Backup_Display_Name: usbotg-53
   Storage_Path: /usbotg-53
   Current_File_System: auto
   Fstab_File_System: auto
   Backup_Method: files

/usbotg-54 | /dev/block//sde16 | Size: 0MB Used: 0MB Free: 0MB Backup Size: 0MB
   Flags: Can_Be_Mounted Can_Be_Wiped Wipe_Available_in_GUI Is_SubPartition Removable IsPresent Is_Storage 
   SubPartition_Of: /usbotg
   Primary_Block_Device: /dev/block//sde16
   Display_Name: 存储空间 54
   Storage_Name: 存储空间 54
   Backup_Path: /usbotg-54
   Backup_Name: usbotg-54
   Backup_Display_Name: usbotg-54
   Storage_Path: /usbotg-54
   Current_File_System: auto
   Fstab_File_System: auto
   Backup_Method: files

/usbotg-55 | /dev/block//sde85 | Size: 0MB Used: 0MB Free: 0MB Backup Size: 0MB
   Flags: Can_Be_Mounted Can_Be_Wiped Wipe_Available_in_GUI Is_SubPartition Removable IsPresent Is_Storage 
   SubPartition_Of: /usbotg
   Primary_Block_Device: /dev/block//sde85
   Display_Name: 存储空间 55
   Storage_Name: 存储空间 55
   Backup_Path: /usbotg-55
   Backup_Name: usbotg-55
   Backup_Display_Name: usbotg-55
   Storage_Path: /usbotg-55
   Current_File_System: auto
   Fstab_File_System: auto
   Backup_Method: files

/usbotg-56 | /dev/block//sde44 | Size: 0MB Used: 0MB Free: 0MB Backup Size: 0MB
   Flags: Can_Be_Mounted Can_Be_Wiped Wipe_Available_in_GUI Is_SubPartition Removable IsPresent Is_Storage 
   SubPartition_Of: /usbotg
   Primary_Block_Device: /dev/block//sde44
   Display_Name: 存储空间 56
   Storage_Name: 存储空间 56
   Backup_Path: /usbotg-56
   Backup_Name: usbotg-56
   Backup_Display_Name: usbotg-56
   Storage_Path: /usbotg-56
   Current_File_System: auto
   Fstab_File_System: auto
   Backup_Method: files

/usbotg-57 | /dev/block//sde47 | Size: 0MB Used: 0MB Free: 0MB Backup Size: 0MB
   Flags: Can_Be_Mounted Can_Be_Wiped Wipe_Available_in_GUI Is_SubPartition Removable IsPresent Is_Storage 
   SubPartition_Of: /usbotg
   Primary_Block_Device: /dev/block//sde47
   Display_Name: 存储空间 57
   Storage_Name: 存储空间 57
   Backup_Path: /usbotg-57
   Backup_Name: usbotg-57
   Backup_Display_Name: usbotg-57
   Storage_Path: /usbotg-57
   Current_File_System: auto
   Fstab_File_System: auto
   Backup_Method: files

/usbotg-58 | /dev/block//sde17 | Size: 0MB Used: 0MB Free: 0MB Backup Size: 0MB
   Flags: Can_Be_Mounted Can_Be_Wiped Wipe_Available_in_GUI Is_SubPartition Removable IsPresent Is_Storage 
   SubPartition_Of: /usbotg
   Primary_Block_Device: /dev/block//sde17
   Display_Name: 存储空间 58
   Storage_Name: 存储空间 58
   Backup_Path: /usbotg-58
   Backup_Name: usbotg-58
   Backup_Display_Name: usbotg-58
   Storage_Path: /usbotg-58
   Current_File_System: auto
   Fstab_File_System: auto
   Backup_Method: files

/usbotg-59 | /dev/block//sde74 | Size: 0MB Used: 0MB Free: 0MB Backup Size: 0MB
   Flags: Can_Be_Mounted Can_Be_Wiped Wipe_Available_in_GUI Is_SubPartition Removable IsPresent Is_Storage 
   SubPartition_Of: /usbotg
   Primary_Block_Device: /dev/block//sde74
   Display_Name: 存储空间 59
   Storage_Name: 存储空间 59
   Backup_Path: /usbotg-59
   Backup_Name: usbotg-59
   Backup_Display_Name: usbotg-59
   Storage_Path: /usbotg-59
   Current_File_System: auto
   Fstab_File_System: auto
   Backup_Method: files

/usbotg-60 | /dev/block//sde37 | Size: 0MB Used: 0MB Free: 0MB Backup Size: 0MB
   Flags: Can_Be_Mounted Can_Be_Wiped Wipe_Available_in_GUI Is_SubPartition Removable IsPresent Is_Storage 
   SubPartition_Of: /usbotg
   Primary_Block_Device: /dev/block//sde37
   Display_Name: 存储空间 60
   Storage_Name: 存储空间 60
   Backup_Path: /usbotg-60
   Backup_Name: usbotg-60
   Backup_Display_Name: usbotg-60
   Storage_Path: /usbotg-60
   Current_File_System: auto
   Fstab_File_System: auto
   Backup_Method: files

/usbotg-61 | /dev/block//sde36 | Size: 0MB Used: 0MB Free: 0MB Backup Size: 0MB
   Flags: Can_Be_Mounted Can_Be_Wiped Wipe_Available_in_GUI Is_SubPartition Removable IsPresent Is_Storage 
   SubPartition_Of: /usbotg
   Primary_Block_Device: /dev/block//sde36
   Display_Name: 存储空间 61
   Storage_Name: 存储空间 61
   Backup_Path: /usbotg-61
   Backup_Name: usbotg-61
   Backup_Display_Name: usbotg-61
   Storage_Path: /usbotg-61
   Current_File_System: auto
   Fstab_File_System: auto
   Backup_Method: files

/usbotg-62 | /dev/block//sde93 | Size: 0MB Used: 0MB Free: 0MB Backup Size: 0MB
   Flags: Can_Be_Mounted Can_Be_Wiped Wipe_Available_in_GUI Is_SubPartition Removable IsPresent Is_Storage 
   SubPartition_Of: /usbotg
   Primary_Block_Device: /dev/block//sde93
   Display_Name: 存储空间 62
   Storage_Name: 存储空间 62
   Backup_Path: /usbotg-62
   Backup_Name: usbotg-62
   Backup_Display_Name: usbotg-62
   Storage_Path: /usbotg-62
   Current_File_System: auto
   Fstab_File_System: auto
   Backup_Method: files

/usbotg-63 | /dev/block//sde69 | Size: 0MB Used: 0MB Free: 0MB Backup Size: 0MB
   Flags: Can_Be_Mounted Can_Be_Wiped Wipe_Available_in_GUI Is_SubPartition Removable IsPresent Is_Storage 
   SubPartition_Of: /usbotg
   Primary_Block_Device: /dev/block//sde69
   Display_Name: 存储空间 63
   Storage_Name: 存储空间 63
   Backup_Path: /usbotg-63
   Backup_Name: usbotg-63
   Backup_Display_Name: usbotg-63
   Storage_Path: /usbotg-63
   Current_File_System: auto
   Fstab_File_System: auto
   Backup_Method: files

/usbotg-64 | /dev/block//sde77 | Size: 0MB Used: 0MB Free: 0MB Backup Size: 0MB
   Flags: Can_Be_Mounted Can_Be_Wiped Wipe_Available_in_GUI Is_SubPartition Removable IsPresent Is_Storage 
   SubPartition_Of: /usbotg
   Primary_Block_Device: /dev/block//sde77
   Display_Name: 存储空间 64
   Storage_Name: 存储空间 64
   Backup_Path: /usbotg-64
   Backup_Name: usbotg-64
   Backup_Display_Name: usbotg-64
   Storage_Path: /usbotg-64
   Current_File_System: auto
   Fstab_File_System: auto
   Backup_Method: files

/usbotg-65 | /dev/block//sde66 | Size: 0MB Used: 0MB Free: 0MB Backup Size: 0MB
   Flags: Can_Be_Mounted Can_Be_Wiped Wipe_Available_in_GUI Is_SubPartition Removable IsPresent Is_Storage 
   SubPartition_Of: /usbotg
   Primary_Block_Device: /dev/block//sde66
   Display_Name: 存储空间 65
   Storage_Name: 存储空间 65
   Backup_Path: /usbotg-65
   Backup_Name: usbotg-65
   Backup_Display_Name: usbotg-65
   Storage_Path: /usbotg-65
   Current_File_System: auto
   Fstab_File_System: auto
   Backup_Method: files

/usbotg-66 | /dev/block//sde8 | Size: 199MB Used: 165MB Free: 34MB Backup Size: 165MB
   Flags: Can_Be_Mounted Can_Be_Wiped Wipe_Available_in_GUI Is_SubPartition Removable IsPresent Is_Storage 
   SubPartition_Of: /usbotg
   Primary_Block_Device: /dev/block//sde8
   Display_Name: 存储空间 66
   Storage_Name: 存储空间 66
   Backup_Path: /usbotg-66
   Backup_Name: usbotg-66
   Backup_Display_Name: usbotg-66
   Storage_Path: /usbotg-66
   Current_File_System: vfat
   Fstab_File_System: auto
   Backup_Method: files

/usbotg-67 | /dev/block//sde39 | Size: 0MB Used: 0MB Free: 0MB Backup Size: 0MB
   Flags: Can_Be_Mounted Can_Be_Wiped Wipe_Available_in_GUI Is_SubPartition Removable IsPresent Is_Storage 
   SubPartition_Of: /usbotg
   Primary_Block_Device: /dev/block//sde39
   Display_Name: 存储空间 67
   Storage_Name: 存储空间 67
   Backup_Path: /usbotg-67
   Backup_Name: usbotg-67
   Backup_Display_Name: usbotg-67
   Storage_Path: /usbotg-67
   Current_File_System: auto
   Fstab_File_System: auto
   Backup_Method: files

/usbotg-68 | /dev/block//sde75 | Size: 7MB Used: 1MB Free: 5MB Backup Size: 1MB
   Flags: Can_Be_Mounted Can_Be_Wiped Wipe_Available_in_GUI Is_SubPartition Removable IsPresent Is_Storage 
   SubPartition_Of: /usbotg
   Primary_Block_Device: /dev/block//sde75
   Display_Name: 存储空间 68
   Storage_Name: 存储空间 68
   Backup_Path: /usbotg-68
   Backup_Name: usbotg-68
   Backup_Display_Name: usbotg-68
   Storage_Path: /usbotg-68
   Current_File_System: vfat
   Fstab_File_System: auto
   Backup_Method: files

/usbotg-69 | /dev/block//sde9 | Size: 7MB Used: 2MB Free: 5MB Backup Size: 2MB
   Flags: Can_Be_Mounted Can_Be_Wiped Wipe_Available_in_GUI Is_SubPartition Removable IsPresent Is_Storage 
   SubPartition_Of: /usbotg
   Primary_Block_Device: /dev/block//sde9
   Display_Name: 存储空间 69
   Storage_Name: 存储空间 69
   Backup_Path: /usbotg-69
   Backup_Name: usbotg-69
   Backup_Display_Name: usbotg-69
   Storage_Path: /usbotg-69
   Current_File_System: vfat
   Fstab_File_System: auto
   Backup_Method: files

/usbotg-70 | /dev/block//sde57 | Size: 0MB Used: 0MB Free: 0MB Backup Size: 0MB
   Flags: Can_Be_Mounted Can_Be_Wiped Wipe_Available_in_GUI Is_SubPartition Removable IsPresent Is_Storage 
   SubPartition_Of: /usbotg
   Primary_Block_Device: /dev/block//sde57
   Display_Name: 存储空间 70
   Storage_Name: 存储空间 70
   Backup_Path: /usbotg-70
   Backup_Name: usbotg-70
   Backup_Display_Name: usbotg-70
   Storage_Path: /usbotg-70
   Current_File_System: auto
   Fstab_File_System: auto
   Backup_Method: files

/usbotg-71 | /dev/block//sde60 | Size: 0MB Used: 0MB Free: 0MB Backup Size: 0MB
   Flags: Can_Be_Mounted Can_Be_Wiped Wipe_Available_in_GUI Is_SubPartition Removable IsPresent Is_Storage 
   SubPartition_Of: /usbotg
   Primary_Block_Device: /dev/block//sde60
   Display_Name: 存储空间 71
   Storage_Name: 存储空间 71
   Backup_Path: /usbotg-71
   Backup_Name: usbotg-71
   Backup_Display_Name: usbotg-71
   Storage_Path: /usbotg-71
   Current_File_System: auto
   Fstab_File_System: auto
   Backup_Method: files

/usbotg-72 | /dev/block//sde11 | Size: 68MB Used: 59MB Free: 9MB Backup Size: 59MB
   Flags: Can_Be_Mounted Can_Be_Wiped Wipe_Available_in_GUI Is_SubPartition Removable IsPresent Is_Storage 
   SubPartition_Of: /usbotg
   Primary_Block_Device: /dev/block//sde11
   Display_Name: 存储空间 72
   Storage_Name: 存储空间 72
   Backup_Path: /usbotg-72
   Backup_Name: usbotg-72
   Backup_Display_Name: usbotg-72
   Storage_Path: /usbotg-72
   Current_File_System: ext4
   Fstab_File_System: auto
   Backup_Method: files

/usbotg-73 | /dev/block//sde68 | Size: 0MB Used: 0MB Free: 0MB Backup Size: 0MB
   Flags: Can_Be_Mounted Can_Be_Wiped Wipe_Available_in_GUI Is_SubPartition Removable IsPresent Is_Storage 
   SubPartition_Of: /usbotg
   Primary_Block_Device: /dev/block//sde68
   Display_Name: 存储空间 73
   Storage_Name: 存储空间 73
   Backup_Path: /usbotg-73
   Backup_Name: usbotg-73
   Backup_Display_Name: usbotg-73
   Storage_Path: /usbotg-73
   Current_File_System: auto
   Fstab_File_System: auto
   Backup_Method: files

/usbotg-74 | /dev/block//sde40 | Size: 7MB Used: 0MB Free: 7MB Backup Size: 0MB
   Flags: Can_Be_Mounted Can_Be_Wiped Wipe_Available_in_GUI Is_SubPartition Removable IsPresent Is_Storage 
   SubPartition_Of: /usbotg
   Primary_Block_Device: /dev/block//sde40
   Display_Name: 存储空间 74
   Storage_Name: 存储空间 74
   Backup_Path: /usbotg-74
   Backup_Name: usbotg-74
   Backup_Display_Name: usbotg-74
   Storage_Path: /usbotg-74
   Current_File_System: vfat
   Fstab_File_System: auto
   Backup_Method: files

/usbotg-75 | /dev/block//sde13 | Size: 0MB Used: 0MB Free: 0MB Backup Size: 0MB
   Flags: Can_Be_Mounted Can_Be_Wiped Wipe_Available_in_GUI Is_SubPartition Removable IsPresent Is_Storage 
   SubPartition_Of: /usbotg
   Primary_Block_Device: /dev/block//sde13
   Display_Name: 存储空间 75
   Storage_Name: 存储空间 75
   Backup_Path: /usbotg-75
   Backup_Name: usbotg-75
   Backup_Display_Name: usbotg-75
   Storage_Path: /usbotg-75
   Current_File_System: auto
   Fstab_File_System: auto
   Backup_Method: files

/usbotg-76 | /dev/block//sde97 | Size: 0MB Used: 0MB Free: 0MB Backup Size: 0MB
   Flags: Can_Be_Mounted Can_Be_Wiped Wipe_Available_in_GUI Is_SubPartition Removable IsPresent Is_Storage 
   SubPartition_Of: /usbotg
   Primary_Block_Device: /dev/block//sde97
   Display_Name: 存储空间 76
   Storage_Name: 存储空间 76
   Backup_Path: /usbotg-76
   Backup_Name: usbotg-76
   Backup_Display_Name: usbotg-76
   Storage_Path: /usbotg-76
   Current_File_System: auto
   Fstab_File_System: auto
   Backup_Method: files

/usbotg-77 | /dev/block//sde67 | Size: 0MB Used: 0MB Free: 0MB Backup Size: 0MB
   Flags: Can_Be_Mounted Can_Be_Wiped Wipe_Available_in_GUI Is_SubPartition Removable IsPresent Is_Storage 
   SubPartition_Of: /usbotg
   Primary_Block_Device: /dev/block//sde67
   Display_Name: 存储空间 77
   Storage_Name: 存储空间 77
   Backup_Path: /usbotg-77
   Backup_Name: usbotg-77
   Backup_Display_Name: usbotg-77
   Storage_Path: /usbotg-77
   Current_File_System: auto
   Fstab_File_System: auto
   Backup_Method: files

/usbotg-78 | /dev/block//sde41 | Size: 0MB Used: 0MB Free: 0MB Backup Size: 0MB
   Flags: Can_Be_Mounted Can_Be_Wiped Wipe_Available_in_GUI Is_SubPartition Removable IsPresent Is_Storage 
   SubPartition_Of: /usbotg
   Primary_Block_Device: /dev/block//sde41
   Display_Name: 存储空间 78
   Storage_Name: 存储空间 78
   Backup_Path: /usbotg-78
   Backup_Name: usbotg-78
   Backup_Display_Name: usbotg-78
   Storage_Path: /usbotg-78
   Current_File_System: auto
   Fstab_File_System: auto
   Backup_Method: files

/usbotg-79 | /dev/block//sde59 | Size: 0MB Used: 0MB Free: 0MB Backup Size: 0MB
   Flags: Can_Be_Mounted Can_Be_Wiped Wipe_Available_in_GUI Is_SubPartition Removable IsPresent Is_Storage 
   SubPartition_Of: /usbotg
   Primary_Block_Device: /dev/block//sde59
   Display_Name: 存储空间 79
   Storage_Name: 存储空间 79
   Backup_Path: /usbotg-79
   Backup_Name: usbotg-79
   Backup_Display_Name: usbotg-79
   Storage_Path: /usbotg-79
   Current_File_System: auto
   Fstab_File_System: auto
   Backup_Method: files

/usbotg-80 | /dev/block//sde49 | Size: 0MB Used: 0MB Free: 0MB Backup Size: 0MB
   Flags: Can_Be_Mounted Can_Be_Wiped Wipe_Available_in_GUI Is_SubPartition Removable IsPresent Is_Storage 
   SubPartition_Of: /usbotg
   Primary_Block_Device: /dev/block//sde49
   Display_Name: 存储空间 80
   Storage_Name: 存储空间 80
   Backup_Path: /usbotg-80
   Backup_Name: usbotg-80
   Backup_Display_Name: usbotg-80
   Storage_Path: /usbotg-80
   Current_File_System: auto
   Fstab_File_System: auto
   Backup_Method: files

/usbotg-81 | /dev/block//sde15 | Size: 0MB Used: 0MB Free: 0MB Backup Size: 0MB
   Flags: Can_Be_Mounted Can_Be_Wiped Wipe_Available_in_GUI Is_SubPartition Removable IsPresent Is_Storage 
   SubPartition_Of: /usbotg
   Primary_Block_Device: /dev/block//sde15
   Display_Name: 存储空间 81
   Storage_Name: 存储空间 81
   Backup_Path: /usbotg-81
   Backup_Name: usbotg-81
   Backup_Display_Name: usbotg-81
   Storage_Path: /usbotg-81
   Current_File_System: auto
   Fstab_File_System: auto
   Backup_Method: files

/usbotg-82 | /dev/block//sde32 | Size: 0MB Used: 0MB Free: 0MB Backup Size: 0MB
   Flags: Can_Be_Mounted Can_Be_Wiped Wipe_Available_in_GUI Is_SubPartition Removable IsPresent Is_Storage 
   SubPartition_Of: /usbotg
   Primary_Block_Device: /dev/block//sde32
   Display_Name: 存储空间 82
   Storage_Name: 存储空间 82
   Backup_Path: /usbotg-82
   Backup_Name: usbotg-82
   Backup_Display_Name: usbotg-82
   Storage_Path: /usbotg-82
   Current_File_System: auto
   Fstab_File_System: auto
   Backup_Method: files

/usbotg-83 | /dev/block//sde43 | Size: 0MB Used: 0MB Free: 0MB Backup Size: 0MB
   Flags: Can_Be_Mounted Can_Be_Wiped Wipe_Available_in_GUI Is_SubPartition Removable IsPresent Is_Storage 
   SubPartition_Of: /usbotg
   Primary_Block_Device: /dev/block//sde43
   Display_Name: 存储空间 83
   Storage_Name: 存储空间 83
   Backup_Path: /usbotg-83
   Backup_Name: usbotg-83
   Backup_Display_Name: usbotg-83
   Storage_Path: /usbotg-83
   Current_File_System: auto
   Fstab_File_System: auto
   Backup_Method: files

/usbotg-84 | /dev/block//sde2 | Size: 0MB Used: 0MB Free: 0MB Backup Size: 0MB
   Flags: Can_Be_Mounted Can_Be_Wiped Wipe_Available_in_GUI Is_SubPartition Removable IsPresent Is_Storage 
   SubPartition_Of: /usbotg
   Primary_Block_Device: /dev/block//sde2
   Display_Name: 存储空间 84
   Storage_Name: 存储空间 84
   Backup_Path: /usbotg-84
   Backup_Name: usbotg-84
   Backup_Display_Name: usbotg-84
   Storage_Path: /usbotg-84
   Current_File_System: auto
   Fstab_File_System: auto
   Backup_Method: files

/usbotg-85 | /dev/block//sde30 | Size: 0MB Used: 0MB Free: 0MB Backup Size: 0MB
   Flags: Can_Be_Mounted Can_Be_Wiped Wipe_Available_in_GUI Is_SubPartition Removable IsPresent Is_Storage 
   SubPartition_Of: /usbotg
   Primary_Block_Device: /dev/block//sde30
   Display_Name: 存储空间 85
   Storage_Name: 存储空间 85
   Backup_Path: /usbotg-85
   Backup_Name: usbotg-85
   Backup_Display_Name: usbotg-85
   Storage_Path: /usbotg-85
   Current_File_System: auto
   Fstab_File_System: auto
   Backup_Method: files

/usbotg-86 | /dev/block//sde73 | Size: 0MB Used: 0MB Free: 0MB Backup Size: 0MB
   Flags: Can_Be_Mounted Can_Be_Wiped Wipe_Available_in_GUI Is_SubPartition Removable IsPresent Is_Storage 
   SubPartition_Of: /usbotg
   Primary_Block_Device: /dev/block//sde73
   Display_Name: 存储空间 86
   Storage_Name: 存储空间 86
   Backup_Path: /usbotg-86
   Backup_Name: usbotg-86
   Backup_Display_Name: usbotg-86
   Storage_Path: /usbotg-86
   Current_File_System: auto
   Fstab_File_System: auto
   Backup_Method: files

/usbotg-87 | /dev/block//sde22 | Size: 0MB Used: 0MB Free: 0MB Backup Size: 0MB
   Flags: Can_Be_Mounted Can_Be_Wiped Wipe_Available_in_GUI Is_SubPartition Removable IsPresent Is_Storage 
   SubPartition_Of: /usbotg
   Primary_Block_Device: /dev/block//sde22
   Display_Name: 存储空间 87
   Storage_Name: 存储空间 87
   Backup_Path: /usbotg-87
   Backup_Name: usbotg-87
   Backup_Display_Name: usbotg-87
   Storage_Path: /usbotg-87
   Current_File_System: auto
   Fstab_File_System: auto
   Backup_Method: files

/usbotg-88 | /dev/block//sde12 | Size: 0MB Used: 0MB Free: 0MB Backup Size: 0MB
   Flags: Can_Be_Mounted Can_Be_Wiped Wipe_Available_in_GUI Is_SubPartition Removable IsPresent Is_Storage 
   SubPartition_Of: /usbotg
   Primary_Block_Device: /dev/block//sde12
   Display_Name: 存储空间 88
   Storage_Name: 存储空间 88
   Backup_Path: /usbotg-88
   Backup_Name: usbotg-88
   Backup_Display_Name: usbotg-88
   Storage_Path: /usbotg-88
   Current_File_System: auto
   Fstab_File_System: auto
   Backup_Method: files

/usbotg-89 | /dev/block//sde35 | Size: 0MB Used: 0MB Free: 0MB Backup Size: 0MB
   Flags: Can_Be_Mounted Can_Be_Wiped Wipe_Available_in_GUI Is_SubPartition Removable IsPresent Is_Storage 
   SubPartition_Of: /usbotg
   Primary_Block_Device: /dev/block//sde35
   Display_Name: 存储空间 89
   Storage_Name: 存储空间 89
   Backup_Path: /usbotg-89
   Backup_Name: usbotg-89
   Backup_Display_Name: usbotg-89
   Storage_Path: /usbotg-89
   Current_File_System: auto
   Fstab_File_System: auto
   Backup_Method: files

/usbotg-90 | /dev/block//sde65 | Size: 0MB Used: 0MB Free: 0MB Backup Size: 0MB
   Flags: Can_Be_Mounted Can_Be_Wiped Wipe_Available_in_GUI Is_SubPartition Removable IsPresent Is_Storage 
   SubPartition_Of: /usbotg
   Primary_Block_Device: /dev/block//sde65
   Display_Name: 存储空间 90
   Storage_Name: 存储空间 90
   Backup_Path: /usbotg-90
   Backup_Name: usbotg-90
   Backup_Display_Name: usbotg-90
   Storage_Path: /usbotg-90
   Current_File_System: auto
   Fstab_File_System: auto
   Backup_Method: files

/usbotg-91 | /dev/block//sde7 | Size: 159MB Used: 115MB Free: 43MB Backup Size: 115MB
   Flags: Can_Be_Mounted Can_Be_Wiped Wipe_Available_in_GUI Is_SubPartition Removable IsPresent Is_Storage 
   SubPartition_Of: /usbotg
   Primary_Block_Device: /dev/block//sde7
   Display_Name: 存储空间 91
   Storage_Name: 存储空间 91
   Backup_Path: /usbotg-91
   Backup_Name: usbotg-91
   Backup_Display_Name: usbotg-91
   Storage_Path: /usbotg-91
   Current_File_System: vfat
   Fstab_File_System: auto
   Backup_Method: files

/usbotg-92 | /dev/block//sde89 | Size: 0MB Used: 0MB Free: 0MB Backup Size: 0MB
   Flags: Can_Be_Mounted Can_Be_Wiped Wipe_Available_in_GUI Is_SubPartition Removable IsPresent Is_Storage 
   SubPartition_Of: /usbotg
   Primary_Block_Device: /dev/block//sde89
   Display_Name: 存储空间 92
   Storage_Name: 存储空间 92
   Backup_Path: /usbotg-92
   Backup_Name: usbotg-92
   Backup_Display_Name: usbotg-92
   Storage_Path: /usbotg-92
   Current_File_System: auto
   Fstab_File_System: auto
   Backup_Method: files

/usbotg-93 | /dev/block//sde95 | Size: 31MB Used: 0MB Free: 31MB Backup Size: 0MB
   Flags: Can_Be_Mounted Can_Be_Wiped Wipe_Available_in_GUI Is_SubPartition Removable IsPresent Is_Storage 
   SubPartition_Of: /usbotg
   Primary_Block_Device: /dev/block//sde95
   Display_Name: 存储空间 93
   Storage_Name: 存储空间 93
   Backup_Path: /usbotg-93
   Backup_Name: usbotg-93
   Backup_Display_Name: usbotg-93
   Storage_Path: /usbotg-93
   Current_File_System: vfat
   Fstab_File_System: auto
   Backup_Method: files

/usbotg-94 | /dev/block//sde29 | Size: 0MB Used: 0MB Free: 0MB Backup Size: 0MB
   Flags: Can_Be_Mounted Can_Be_Wiped Wipe_Available_in_GUI Is_SubPartition Removable IsPresent Is_Storage 
   SubPartition_Of: /usbotg
   Primary_Block_Device: /dev/block//sde29
   Display_Name: 存储空间 94
   Storage_Name: 存储空间 94
   Backup_Path: /usbotg-94
   Backup_Name: usbotg-94
   Backup_Display_Name: usbotg-94
   Storage_Path: /usbotg-94
   Current_File_System: auto
   Fstab_File_System: auto
   Backup_Method: files

/usbotg-95 | /dev/block//sde87 | Size: 0MB Used: 0MB Free: 0MB Backup Size: 0MB
   Flags: Can_Be_Mounted Can_Be_Wiped Wipe_Available_in_GUI Is_SubPartition Removable IsPresent Is_Storage 
   SubPartition_Of: /usbotg
   Primary_Block_Device: /dev/block//sde87
   Display_Name: 存储空间 95
   Storage_Name: 存储空间 95
   Backup_Path: /usbotg-95
   Backup_Name: usbotg-95
   Backup_Display_Name: usbotg-95
   Storage_Path: /usbotg-95
   Current_File_System: auto
   Fstab_File_System: auto
   Backup_Method: files

/usbotg-96 | /dev/block//sde20 | Size: 0MB Used: 0MB Free: 0MB Backup Size: 0MB
   Flags: Can_Be_Mounted Can_Be_Wiped Wipe_Available_in_GUI Is_SubPartition Removable IsPresent Is_Storage 
   SubPartition_Of: /usbotg
   Primary_Block_Device: /dev/block//sde20
   Display_Name: 存储空间 96
   Storage_Name: 存储空间 96
   Backup_Path: /usbotg-96
   Backup_Name: usbotg-96
   Backup_Display_Name: usbotg-96
   Storage_Path: /usbotg-96
   Current_File_System: auto
   Fstab_File_System: auto
   Backup_Method: files

/usbotg-97 | /dev/block//sde50 | Size: 159MB Used: 115MB Free: 43MB Backup Size: 115MB
   Flags: Can_Be_Mounted Can_Be_Wiped Wipe_Available_in_GUI Is_SubPartition Removable IsPresent Is_Storage 
   SubPartition_Of: /usbotg
   Primary_Block_Device: /dev/block//sde50
   Display_Name: 存储空间 97
   Storage_Name: 存储空间 97
   Backup_Path: /usbotg-97
   Backup_Name: usbotg-97
   Backup_Display_Name: usbotg-97
   Storage_Path: /usbotg-97
   Current_File_System: vfat
   Fstab_File_System: auto
   Backup_Method: files

/usbotg-98 | /dev/block//sde79 | Size: 0MB Used: 0MB Free: 0MB Backup Size: 0MB
   Flags: Can_Be_Mounted Can_Be_Wiped Wipe_Available_in_GUI Is_SubPartition Removable IsPresent Is_Storage 
   SubPartition_Of: /usbotg
   Primary_Block_Device: /dev/block//sde79
   Display_Name: 存储空间 98
   Storage_Name: 存储空间 98
   Backup_Path: /usbotg-98
   Backup_Name: usbotg-98
   Backup_Display_Name: usbotg-98
   Storage_Path: /usbotg-98
   Current_File_System: auto
   Fstab_File_System: auto
   Backup_Method: files

/usbotg-1 | /dev/block//sdc9 | Size: 0MB Used: 0MB Free: 0MB Backup Size: 0MB
   Flags: Can_Be_Mounted Can_Be_Wiped Wipe_Available_in_GUI Is_SubPartition Removable IsPresent Is_Storage 
   SubPartition_Of: /usbotg
   Primary_Block_Device: /dev/block//sdc9
   Display_Name: 存储空间 1
   Storage_Name: 存储空间 1
   Backup_Path: /usbotg-1
   Backup_Display_Name: usbotg-1
   Storage_Path: /usbotg-1
   Current_File_System: auto
   Fstab_File_System: auto
   Backup_Method: none

/usbotg-2 | /dev/block//sdc4 | Size: 0MB Used: 0MB Free: 0MB Backup Size: 0MB
   Flags: Can_Be_Mounted Can_Be_Wiped Wipe_Available_in_GUI Is_SubPartition Removable IsPresent Is_Storage 
   SubPartition_Of: /usbotg
   Primary_Block_Device: /dev/block//sdc4
   Display_Name: 存储空间 2
   Storage_Name: 存储空间 2
   Backup_Path: /usbotg-2
   Backup_Display_Name: usbotg-2
   Storage_Path: /usbotg-2
   Current_File_System: auto
   Fstab_File_System: auto
   Backup_Method: none

/usbotg-3 | /dev/block//sdc2 | Size: 0MB Used: 0MB Free: 0MB Backup Size: 0MB
   Flags: Can_Be_Mounted Can_Be_Wiped Wipe_Available_in_GUI Is_SubPartition Removable IsPresent Is_Storage 
   SubPartition_Of: /usbotg
   Primary_Block_Device: /dev/block//sdc2
   Display_Name: 存储空间 3
   Storage_Name: 存储空间 3
   Backup_Path: /usbotg-3
   Backup_Display_Name: usbotg-3
   Storage_Path: /usbotg-3
   Current_File_System: auto
   Fstab_File_System: auto
   Backup_Method: none

/usbotg-4 | /dev/block//sdc6 | Size: 0MB Used: 0MB Free: 0MB Backup Size: 0MB
   Flags: Can_Be_Mounted Can_Be_Wiped Wipe_Available_in_GUI Is_SubPartition Removable IsPresent Is_Storage 
   SubPartition_Of: /usbotg
   Primary_Block_Device: /dev/block//sdc6
   Display_Name: 存储空间 4
   Storage_Name: 存储空间 4
   Backup_Path: /usbotg-4
   Backup_Display_Name: usbotg-4
   Storage_Path: /usbotg-4
   Current_File_System: auto
   Fstab_File_System: auto
   Backup_Method: none

/usbotg-5 | /dev/block//sdc7 | Size: 0MB Used: 0MB Free: 0MB Backup Size: 0MB
   Flags: Can_Be_Mounted Can_Be_Wiped Wipe_Available_in_GUI Is_SubPartition Removable IsPresent Is_Storage 
   SubPartition_Of: /usbotg
   Primary_Block_Device: /dev/block//sdc7
   Display_Name: 存储空间 5
   Storage_Name: 存储空间 5
   Backup_Path: /usbotg-5
   Backup_Display_Name: usbotg-5
   Storage_Path: /usbotg-5
   Current_File_System: auto
   Fstab_File_System: auto
   Backup_Method: none

/usbotg-6 | /dev/block//sdc3 | Size: 0MB Used: 0MB Free: 0MB Backup Size: 0MB
   Flags: Can_Be_Mounted Can_Be_Wiped Wipe_Available_in_GUI Is_SubPartition Removable IsPresent Is_Storage 
   SubPartition_Of: /usbotg
   Primary_Block_Device: /dev/block//sdc3
   Display_Name: 存储空间 6
   Storage_Name: 存储空间 6
   Backup_Path: /usbotg-6
   Backup_Display_Name: usbotg-6
   Storage_Path: /usbotg-6
   Current_File_System: auto
   Fstab_File_System: auto
   Backup_Method: none

/usbotg-7 | /dev/block//sdc5 | Size: 0MB Used: 0MB Free: 0MB Backup Size: 0MB
   Flags: Can_Be_Mounted Can_Be_Wiped Wipe_Available_in_GUI Is_SubPartition Removable IsPresent Is_Storage 
   SubPartition_Of: /usbotg
   Primary_Block_Device: /dev/block//sdc5
   Display_Name: 存储空间 7
   Storage_Name: 存储空间 7
   Backup_Path: /usbotg-7
   Backup_Display_Name: usbotg-7
   Storage_Path: /usbotg-7
   Current_File_System: auto
   Fstab_File_System: auto
   Backup_Method: none

/usbotg-8 | /dev/block//sdc1 | Size: 0MB Used: 0MB Free: 0MB Backup Size: 0MB
   Flags: Can_Be_Mounted Can_Be_Wiped Wipe_Available_in_GUI Is_SubPartition Removable IsPresent Is_Storage 
   SubPartition_Of: /usbotg
   Primary_Block_Device: /dev/block//sdc1
   Display_Name: 存储空间 8
   Storage_Name: 存储空间 8
   Backup_Path: /usbotg-8
   Backup_Display_Name: usbotg-8
   Storage_Path: /usbotg-8
   Current_File_System: auto
   Fstab_File_System: auto
   Backup_Method: none

/usbotg-9 | /dev/block//sdc8 | Size: 0MB Used: 0MB Free: 0MB Backup Size: 0MB
   Flags: Can_Be_Mounted Can_Be_Wiped Wipe_Available_in_GUI Is_SubPartition Removable IsPresent Is_Storage 
   SubPartition_Of: /usbotg
   Primary_Block_Device: /dev/block//sdc8
   Display_Name: 存储空间 9
   Storage_Name: 存储空间 9
   Backup_Path: /usbotg-9
   Backup_Display_Name: usbotg-9
   Storage_Path: /usbotg-9
   Current_File_System: auto
   Fstab_File_System: auto
   Backup_Method: none

/usbotg-1 | /dev/block//sda8 | Size: 0MB Used: 0MB Free: 0MB Backup Size: 0MB
   Flags: Can_Be_Mounted Can_Be_Wiped Wipe_Available_in_GUI Is_SubPartition Removable IsPresent Is_Storage 
   SubPartition_Of: /usbotg
   Primary_Block_Device: /dev/block//sda8
   Display_Name: 存储空间 1
   Storage_Name: 存储空间 1
   Backup_Path: /usbotg-1
   Backup_Display_Name: usbotg-1
   Storage_Path: /usbotg-1
   Current_File_System: auto
   Fstab_File_System: auto
   Backup_Method: none

/usbotg-2 | /dev/block//sda11 | Size: 0MB Used: 0MB Free: 0MB Backup Size: 0MB
   Flags: Can_Be_Mounted Can_Be_Wiped Wipe_Available_in_GUI Is_SubPartition Removable IsPresent Is_Storage 
   SubPartition_Of: /usbotg
   Primary_Block_Device: /dev/block//sda11
   Display_Name: 存储空间 2
   Storage_Name: 存储空间 2
   Backup_Path: /usbotg-2
   Backup_Display_Name: usbotg-2
   Storage_Path: /usbotg-2
   Current_File_System: auto
   Fstab_File_System: auto
   Backup_Method: none

/usbotg-3 | /dev/block//sda15 | Size: 0MB Used: 0MB Free: 0MB Backup Size: 0MB
   Flags: Can_Be_Mounted Can_Be_Wiped Wipe_Available_in_GUI Is_SubPartition Removable IsPresent Is_Storage 
   SubPartition_Of: /usbotg
   Primary_Block_Device: /dev/block//sda15
   Display_Name: 存储空间 3
   Storage_Name: 存储空间 3
   Backup_Path: /usbotg-3
   Backup_Display_Name: usbotg-3
   Storage_Path: /usbotg-3
   Current_File_System: auto
   Fstab_File_System: auto
   Backup_Method: none

/usbotg-4 | /dev/block//sda25 | Size: 0MB Used: 0MB Free: 0MB Backup Size: 0MB
   Flags: Can_Be_Mounted Can_Be_Wiped Wipe_Available_in_GUI Is_SubPartition Removable IsPresent Is_Storage 
   SubPartition_Of: /usbotg
   Primary_Block_Device: /dev/block//sda25
   Display_Name: 存储空间 4
   Storage_Name: 存储空间 4
   Backup_Path: /usbotg-4
   Backup_Display_Name: usbotg-4
   Storage_Path: /usbotg-4
   Current_File_System: auto
   Fstab_File_System: auto
   Backup_Method: none

/usbotg-5 | /dev/block//sda6 | Size: 0MB Used: 0MB Free: 0MB Backup Size: 0MB
   Flags: Can_Be_Mounted Can_Be_Wiped Wipe_Available_in_GUI Is_SubPartition Removable IsPresent Is_Storage 
   SubPartition_Of: /usbotg
   Primary_Block_Device: /dev/block//sda6
   Display_Name: 存储空间 5
   Storage_Name: 存储空间 5
   Backup_Path: /usbotg-5
   Backup_Display_Name: usbotg-5
   Storage_Path: /usbotg-5
   Current_File_System: auto
   Fstab_File_System: auto
   Backup_Method: none

/usbotg-6 | /dev/block//sda18 | Size: 28MB Used: 27MB Free: 0MB Backup Size: 27MB
   Flags: Can_Be_Mounted Can_Be_Wiped Wipe_Available_in_GUI Is_SubPartition Removable IsPresent Is_Storage 
   SubPartition_Of: /usbotg
   Primary_Block_Device: /dev/block//sda18
   Display_Name: 存储空间 6
   Storage_Name: 存储空间 6
   Backup_Path: /usbotg-6
   Backup_Display_Name: usbotg-6
   Storage_Path: /usbotg-6
   Current_File_System: ext4
   Fstab_File_System: auto
   Backup_Method: none

/usbotg-7 | /dev/block//sda7 | Size: 0MB Used: 0MB Free: 0MB Backup Size: 0MB
   Flags: Can_Be_Mounted Can_Be_Wiped Wipe_Available_in_GUI Is_SubPartition Removable IsPresent Is_Storage 
   SubPartition_Of: /usbotg
   Primary_Block_Device: /dev/block//sda7
   Display_Name: 存储空间 7
   Storage_Name: 存储空间 7
   Backup_Path: /usbotg-7
   Backup_Display_Name: usbotg-7
   Storage_Path: /usbotg-7
   Current_File_System: auto
   Fstab_File_System: auto
   Backup_Method: none

/usbotg-8 | /dev/block//sda21 | Size: 0MB Used: 0MB Free: 0MB Backup Size: 0MB
   Flags: Can_Be_Mounted Can_Be_Wiped Wipe_Available_in_GUI Is_SubPartition Removable IsPresent Is_Storage 
   SubPartition_Of: /usbotg
   Primary_Block_Device: /dev/block//sda21
   Display_Name: 存储空间 8
   Storage_Name: 存储空间 8
   Backup_Path: /usbotg-8
   Backup_Display_Name: usbotg-8
   Storage_Path: /usbotg-8
   Current_File_System: auto
   Fstab_File_System: auto
   Backup_Method: none

/usbotg-9 | /dev/block//sda10 | Size: 0MB Used: 0MB Free: 0MB Backup Size: 0MB
   Flags: Can_Be_Mounted Can_Be_Wiped Wipe_Available_in_GUI Is_SubPartition Removable IsPresent Is_Storage 
   SubPartition_Of: /usbotg
   Primary_Block_Device: /dev/block//sda10
   Display_Name: 存储空间 9
   Storage_Name: 存储空间 9
   Backup_Path: /usbotg-9
   Backup_Display_Name: usbotg-9
   Storage_Path: /usbotg-9
   Current_File_System: auto
   Fstab_File_System: auto
   Backup_Method: none

/usbotg-10 | /dev/block//sda28 | Size: 0MB Used: 0MB Free: 0MB Backup Size: 0MB
   Flags: Can_Be_Mounted Can_Be_Wiped Wipe_Available_in_GUI Is_SubPartition Removable IsPresent Is_Storage 
   SubPartition_Of: /usbotg
   Primary_Block_Device: /dev/block//sda28
   Display_Name: 存储空间 10
   Storage_Name: 存储空间 10
   Backup_Path: /usbotg-10
   Backup_Display_Name: usbotg-10
   Storage_Path: /usbotg-10
   Current_File_System: auto
   Fstab_File_System: auto
   Backup_Method: none

/usbotg-11 | /dev/block//sda33 | Size: 0MB Used: 0MB Free: 0MB Backup Size: 0MB
   Flags: Can_Be_Mounted Can_Be_Wiped Wipe_Available_in_GUI Is_SubPartition Removable IsPresent Is_Storage 
   SubPartition_Of: /usbotg
   Primary_Block_Device: /dev/block//sda33
   Display_Name: 存储空间 11
   Storage_Name: 存储空间 11
   Backup_Path: /usbotg-11
   Backup_Display_Name: usbotg-11
   Storage_Path: /usbotg-11
   Current_File_System: auto
   Fstab_File_System: auto
   Backup_Method: none

/usbotg-12 | /dev/block//sda23 | Size: 0MB Used: 0MB Free: 0MB Backup Size: 0MB
   Flags: Can_Be_Mounted Can_Be_Wiped Wipe_Available_in_GUI Is_SubPartition Removable IsPresent Is_Storage 
   SubPartition_Of: /usbotg
   Primary_Block_Device: /dev/block//sda23
   Display_Name: 存储空间 12
   Storage_Name: 存储空间 12
   Backup_Path: /usbotg-12
   Backup_Display_Name: usbotg-12
   Storage_Path: /usbotg-12
   Current_File_System: auto
   Fstab_File_System: auto
   Backup_Method: none

/usbotg-13 | /dev/block//sda14 | Size: 4MB Used: 0MB Free: 4MB Backup Size: 0MB
   Flags: Can_Be_Mounted Can_Be_Wiped Wipe_Available_in_GUI Is_SubPartition Removable IsPresent Is_Storage 
   SubPartition_Of: /usbotg
   Primary_Block_Device: /dev/block//sda14
   Display_Name: 存储空间 13
   Storage_Name: 存储空间 13
   Backup_Path: /usbotg-13
   Backup_Display_Name: usbotg-13
   Storage_Path: /usbotg-13
   Current_File_System: vfat
   Fstab_File_System: auto
   Backup_Method: none

/usbotg-14 | /dev/block//sda3 | Size: 0MB Used: 0MB Free: 0MB Backup Size: 0MB
   Flags: Can_Be_Mounted Can_Be_Wiped Wipe_Available_in_GUI Is_SubPartition Removable IsPresent Is_Storage 
   SubPartition_Of: /usbotg
   Primary_Block_Device: /dev/block//sda3
   Display_Name: 存储空间 14
   Storage_Name: 存储空间 14
   Backup_Path: /usbotg-14
   Backup_Display_Name: usbotg-14
   Storage_Path: /usbotg-14
   Current_File_System: auto
   Fstab_File_System: auto
   Backup_Method: none

/usbotg-15 | /dev/block//sda24 | Size: 0MB Used: 0MB Free: 0MB Backup Size: 0MB
   Flags: Can_Be_Mounted Can_Be_Wiped Wipe_Available_in_GUI Is_SubPartition Removable IsPresent Is_Storage 
   SubPartition_Of: /usbotg
   Primary_Block_Device: /dev/block//sda24
   Display_Name: 存储空间 15
   Storage_Name: 存储空间 15
   Backup_Path: /usbotg-15
   Backup_Display_Name: usbotg-15
   Storage_Path: /usbotg-15
   Current_File_System: auto
   Fstab_File_System: auto
   Backup_Method: none

/usbotg-16 | /dev/block//sda1 | Size: 0MB Used: 0MB Free: 0MB Backup Size: 0MB
   Flags: Can_Be_Mounted Can_Be_Wiped Wipe_Available_in_GUI Is_SubPartition Removable IsPresent Is_Storage 
   SubPartition_Of: /usbotg
   Primary_Block_Device: /dev/block//sda1
   Display_Name: 存储空间 16
   Storage_Name: 存储空间 16
   Backup_Path: /usbotg-16
   Backup_Display_Name: usbotg-16
   Storage_Path: /usbotg-16
   Current_File_System: auto
   Fstab_File_System: auto
   Backup_Method: none

/usbotg-17 | /dev/block//sda29 | Size: 0MB Used: 0MB Free: 0MB Backup Size: 0MB
   Flags: Can_Be_Mounted Can_Be_Wiped Wipe_Available_in_GUI Is_SubPartition Removable IsPresent Is_Storage 
   SubPartition_Of: /usbotg
   Primary_Block_Device: /dev/block//sda29
   Display_Name: 存储空间 17
   Storage_Name: 存储空间 17
   Backup_Path: /usbotg-17
   Backup_Display_Name: usbotg-17
   Storage_Path: /usbotg-17
   Current_File_System: auto
   Fstab_File_System: auto
   Backup_Method: none

/usbotg-18 | /dev/block//sda5 | Size: 0MB Used: 0MB Free: 0MB Backup Size: 0MB
   Flags: Can_Be_Mounted Can_Be_Wiped Wipe_Available_in_GUI Is_SubPartition Removable IsPresent Is_Storage 
   SubPartition_Of: /usbotg
   Primary_Block_Device: /dev/block//sda5
   Display_Name: 存储空间 18
   Storage_Name: 存储空间 18
   Backup_Path: /usbotg-18
   Backup_Display_Name: usbotg-18
   Storage_Path: /usbotg-18
   Current_File_System: auto
   Fstab_File_System: auto
   Backup_Method: none

/usbotg-19 | /dev/block//sda20 | Size: 0MB Used: 0MB Free: 0MB Backup Size: 0MB
   Flags: Can_Be_Mounted Can_Be_Wiped Wipe_Available_in_GUI Is_SubPartition Removable IsPresent Is_Storage 
   SubPartition_Of: /usbotg
   Primary_Block_Device: /dev/block//sda20
   Display_Name: 存储空间 19
   Storage_Name: 存储空间 19
   Backup_Path: /usbotg-19
   Backup_Display_Name: usbotg-19
   Storage_Path: /usbotg-19
   Current_File_System: f2fs
   Fstab_File_System: auto
   Backup_Method: none

/usbotg-20 | /dev/block//sda19 | Size: 0MB Used: 0MB Free: 0MB Backup Size: 0MB
   Flags: Can_Be_Mounted Can_Be_Wiped Wipe_Available_in_GUI Is_SubPartition Removable IsPresent Is_Storage 
   SubPartition_Of: /usbotg
   Primary_Block_Device: /dev/block//sda19
   Display_Name: 存储空间 20
   Storage_Name: 存储空间 20
   Backup_Path: /usbotg-20
   Backup_Display_Name: usbotg-20
   Storage_Path: /usbotg-20
   Current_File_System: auto
   Fstab_File_System: auto
   Backup_Method: none

/usbotg-21 | /dev/block//sda32 | Size: 0MB Used: 0MB Free: 0MB Backup Size: 0MB
   Flags: Can_Be_Mounted Can_Be_Wiped Wipe_Available_in_GUI Is_SubPartition Removable IsPresent Is_Storage 
   SubPartition_Of: /usbotg
   Primary_Block_Device: /dev/block//sda32
   Display_Name: 存储空间 21
   Storage_Name: 存储空间 21
   Backup_Path: /usbotg-21
   Backup_Display_Name: usbotg-21
   Storage_Path: /usbotg-21
   Current_File_System: ext4
   Fstab_File_System: auto
   Backup_Method: none

/usbotg-22 | /dev/block//sda12 | Size: 0MB Used: 0MB Free: 0MB Backup Size: 0MB
   Flags: Can_Be_Mounted Can_Be_Wiped Wipe_Available_in_GUI Is_SubPartition Removable IsPresent Is_Storage 
   SubPartition_Of: /usbotg
   Primary_Block_Device: /dev/block//sda12
   Display_Name: 存储空间 22
   Storage_Name: 存储空间 22
   Backup_Path: /usbotg-22
   Backup_Display_Name: usbotg-22
   Storage_Path: /usbotg-22
   Current_File_System: auto
   Fstab_File_System: auto
   Backup_Method: none

/usbotg-23 | /dev/block//sda2 | Size: 0MB Used: 0MB Free: 0MB Backup Size: 0MB
   Flags: Can_Be_Mounted Can_Be_Wiped Wipe_Available_in_GUI Is_SubPartition Removable IsPresent Is_Storage 
   SubPartition_Of: /usbotg
   Primary_Block_Device: /dev/block//sda2
   Display_Name: 存储空间 23
   Storage_Name: 存储空间 23
   Backup_Path: /usbotg-23
   Backup_Display_Name: usbotg-23
   Storage_Path: /usbotg-23
   Current_File_System: auto
   Fstab_File_System: auto
   Backup_Method: none

/usbotg-24 | /dev/block//sda22 | Size: 0MB Used: 0MB Free: 0MB Backup Size: 0MB
   Flags: Can_Be_Mounted Can_Be_Wiped Wipe_Available_in_GUI Is_SubPartition Removable IsPresent Is_Storage 
   SubPartition_Of: /usbotg
   Primary_Block_Device: /dev/block//sda22
   Display_Name: 存储空间 24
   Storage_Name: 存储空间 24
   Backup_Path: /usbotg-24
   Backup_Display_Name: usbotg-24
   Storage_Path: /usbotg-24
   Current_File_System: auto
   Fstab_File_System: auto
   Backup_Method: none

/usbotg-25 | /dev/block//sda26 | Size: 0MB Used: 0MB Free: 0MB Backup Size: 0MB
   Flags: Can_Be_Mounted Can_Be_Wiped Wipe_Available_in_GUI Is_SubPartition Removable IsPresent Is_Storage 
   SubPartition_Of: /usbotg
   Primary_Block_Device: /dev/block//sda26
   Display_Name: 存储空间 25
   Storage_Name: 存储空间 25
   Backup_Path: /usbotg-25
   Backup_Display_Name: usbotg-25
   Storage_Path: /usbotg-25
   Current_File_System: auto
   Fstab_File_System: auto
   Backup_Method: none

/usbotg-26 | /dev/block//sda4 | Size: 0MB Used: 0MB Free: 0MB Backup Size: 0MB
   Flags: Can_Be_Mounted Can_Be_Wiped Wipe_Available_in_GUI Is_SubPartition Removable IsPresent Is_Storage 
   SubPartition_Of: /usbotg
   Primary_Block_Device: /dev/block//sda4
   Display_Name: 存储空间 26
   Storage_Name: 存储空间 26
   Backup_Path: /usbotg-26
   Backup_Display_Name: usbotg-26
   Storage_Path: /usbotg-26
   Current_File_System: auto
   Fstab_File_System: auto
   Backup_Method: none

/usbotg-27 | /dev/block//sda13 | Size: 0MB Used: 0MB Free: 0MB Backup Size: 0MB
   Flags: Can_Be_Mounted Can_Be_Wiped Wipe_Available_in_GUI Is_SubPartition Removable IsPresent Is_Storage 
   SubPartition_Of: /usbotg
   Primary_Block_Device: /dev/block//sda13
   Display_Name: 存储空间 27
   Storage_Name: 存储空间 27
   Backup_Path: /usbotg-27
   Backup_Display_Name: usbotg-27
   Storage_Path: /usbotg-27
   Current_File_System: auto
   Fstab_File_System: auto
   Backup_Method: none

/usbotg-28 | /dev/block//sda31 | Size: 0MB Used: 0MB Free: 0MB Backup Size: 0MB
   Flags: Can_Be_Mounted Can_Be_Wiped Wipe_Available_in_GUI Is_SubPartition Removable IsPresent Is_Storage 
   SubPartition_Of: /usbotg
   Primary_Block_Device: /dev/block//sda31
   Display_Name: 存储空间 28
   Storage_Name: 存储空间 28
   Backup_Path: /usbotg-28
   Backup_Display_Name: usbotg-28
   Storage_Path: /usbotg-28
   Current_File_System: auto
   Fstab_File_System: auto
   Backup_Method: none

/usbotg-29 | /dev/block//sda27 | Size: 0MB Used: 0MB Free: 0MB Backup Size: 0MB
   Flags: Can_Be_Mounted Can_Be_Wiped Wipe_Available_in_GUI Is_SubPartition Removable IsPresent Is_Storage 
   SubPartition_Of: /usbotg
   Primary_Block_Device: /dev/block//sda27
   Display_Name: 存储空间 29
   Storage_Name: 存储空间 29
   Backup_Path: /usbotg-29
   Backup_Display_Name: usbotg-29
   Storage_Path: /usbotg-29
   Current_File_System: auto
   Fstab_File_System: auto
   Backup_Method: none

/usbotg-30 | /dev/block//sda17 | Size: 28MB Used: 27MB Free: 0MB Backup Size: 27MB
   Flags: Can_Be_Mounted Can_Be_Wiped Wipe_Available_in_GUI Is_SubPartition Removable IsPresent Is_Storage 
   SubPartition_Of: /usbotg
   Primary_Block_Device: /dev/block//sda17
   Display_Name: 存储空间 30
   Storage_Name: 存储空间 30
   Backup_Path: /usbotg-30
   Backup_Display_Name: usbotg-30
   Storage_Path: /usbotg-30
   Current_File_System: ext4
   Fstab_File_System: auto
   Backup_Method: none

/usbotg-31 | /dev/block//sda9 | Size: 0MB Used: 0MB Free: 0MB Backup Size: 0MB
   Flags: Can_Be_Mounted Can_Be_Wiped Wipe_Available_in_GUI Is_SubPartition Removable IsPresent Is_Storage 
   SubPartition_Of: /usbotg
   Primary_Block_Device: /dev/block//sda9
   Display_Name: 存储空间 31
   Storage_Name: 存储空间 31
   Backup_Path: /usbotg-31
   Backup_Display_Name: usbotg-31
   Storage_Path: /usbotg-31
   Current_File_System: auto
   Fstab_File_System: auto
   Backup_Method: none

/usbotg-32 | /dev/block//sda30 | Size: 0MB Used: 0MB Free: 0MB Backup Size: 0MB
   Flags: Can_Be_Mounted Can_Be_Wiped Wipe_Available_in_GUI Is_SubPartition Removable IsPresent Is_Storage 
   SubPartition_Of: /usbotg
   Primary_Block_Device: /dev/block//sda30
   Display_Name: 存储空间 32
   Storage_Name: 存储空间 32
   Backup_Path: /usbotg-32
   Backup_Display_Name: usbotg-32
   Storage_Path: /usbotg-32
   Current_File_System: auto
   Fstab_File_System: auto
   Backup_Method: none

/usbotg-33 | /dev/block//sda16 | Size: 102MB Used: 100MB Free: 2MB Backup Size: 100MB
   Flags: Can_Be_Mounted Can_Be_Wiped Wipe_Available_in_GUI Is_SubPartition Removable IsPresent Is_Storage 
   SubPartition_Of: /usbotg
   Primary_Block_Device: /dev/block//sda16
   Display_Name: 存储空间 33
   Storage_Name: 存储空间 33
   Backup_Path: /usbotg-33
   Backup_Display_Name: usbotg-33
   Storage_Path: /usbotg-33
   Current_File_System: ext4
   Fstab_File_System: auto
   Backup_Method: none

/usbotg-34 | /dev/block//sda34 | Size: 0MB Used: 0MB Free: 0MB Backup Size: 0MB
   Flags: Can_Be_Mounted Can_Be_Wiped Wipe_Available_in_GUI Is_SubPartition Removable IsPresent Is_Storage 
   SubPartition_Of: /usbotg
   Primary_Block_Device: /dev/block//sda34
   Display_Name: 存储空间 34
   Storage_Name: 存储空间 34
   Backup_Path: /usbotg-34
   Backup_Display_Name: usbotg-34
   Storage_Path: /usbotg-34
   Current_File_System: auto
   Fstab_File_System: auto
   Backup_Method: none

I:Path /cache/recovery/log.gz does not exist. Unable to copy file to /cache/recovery/last_log.gz
I:Starting Adb Backup FIFO
I:checking for twrp app
I:App not installed
I:Switching packages (TWRP)
I:Set page: 'main'
I:Set page: 'clear_vars'
I:Set page: 'main2'
I:Set page: 'install'
I:Set page: 'main'
I:Set page: 'clear_vars'
I:Set page: 'main2'
I:Set page: 'advanced'
I:Set page: 'confirm_action'
I:Set page: 'clear_vars'
I:Set page: 'advanced'
I:Set page: 'decrypt_users'
I:Set page: 'decrypt'
I:Set page: 'decrypt_pin'
I:Set page: 'trydecrypt'
I:operation_start: 'Decrypt'
尝试为用户 0 解密 FBE…
Attempting to decrypt user
Handle is 'ee3a755bfe3c2977'
Get_Password_Data handle_len is 0
password type: PIN
Using synthetic password method
Attempting to decrypt user's synthetic password
Get_Password_Data handle_len is 0
fscrypt::GetPassword_Token
Is_Weaver
using weaver
Get_Weaver_Data
I:TWFunc::Set_Brightness: Setting brightness control to 5
I:TWFunc::Set_Brightness: Setting brightness control to 0
I:TWFunc::Set_Brightness: Setting brightness control to 250
I:TWFunc::Set_Brightness: Setting brightness control to 5
I:TWFunc::Set_Brightness: Setting brightness control to 0
I:TWFunc::Set_Brightness: Setting brightness control to 250
I:Set overlay: ''
I:TWFunc::Set_Brightness: Setting brightness control to 0
I:TWFunc::Set_Brightness: Setting brightness control to 250
I:Set overlay: ''
I:TWFunc::Set_Brightness: Setting brightness control to 0
I:TWFunc::Set_Brightness: Setting brightness control to 250
I:Set overlay: ''
